dataset_name,videos,frame,Body_part_ID,Uncertain_flag,Left,Top,Width,Height
devel09,46,51,1,0,154,228,30,32
devel09,46,51,3,0,195,90,35,40
devel09,46,51,4,0,182,145,0,0
devel09,46,51,5,0,243,138,0,0
devel09,46,51,6,1,155,173,30,30
devel09,46,51,7,0,278,167,0,0
devel09,46,51,2,0,248,85,35,35
devel16,24,31,1,0,132,162,48,49
devel16,24,31,3,0,133,81,40,40
devel16,24,31,2,0,177,159,63,45
devel16,24,31,5,0,196,147,0,0
devel16,24,31,4,0,89,150,0,0
devel16,24,31,6,0,85,253,0,0
devel16,24,31,7,0,227,270,0,0
devel06,33,8,1,1,72,276,30,30
devel06,33,8,2,0,270,144,49,45
devel06,33,8,3,0,122,81,40,43
devel06,33,8,7,1,237,126,30,30
devel06,33,8,6,1,72,235,30,30
devel06,33,8,5,0,207,119,0,0
devel06,33,8,4,0,92,150,0,0
devel02,1,23,4,1,96,95,30,30
devel02,1,23,2,0,96,94,30,29
devel02,1,23,3,0,129,60,40,40
devel02,1,23,1,0,68,232,30,30
devel02,1,23,5,0,180,112,0,0
devel02,1,23,6,0,161,140,0,0
devel02,1,23,7,1,78,170,30,30
devel17,40,57,1,1,170,262,30,30
devel17,40,57,2,0,239,95,58,56
devel17,40,57,3,0,182,82,40,40
devel17,40,57,4,0,154,153,0,0
devel17,40,57,5,1,235,128,30,30
devel17,40,57,6,0,139,232,0,0
devel17,40,57,7,0,288,214,0,0
devel08,18,17,1,1,123,264,30,30
devel08,18,17,2,0,170,125,58,56
devel08,18,17,3,0,164,78,40,40
devel08,18,17,4,0,124,148,0,0
devel08,18,17,5,1,228,129,30,30
devel08,18,17,6,1,107,215,30,30
devel08,18,17,7,0,288,210,0,0
devel15,39,10,1,1,94,276,30,30
devel15,39,10,2,0,256,158,38,39
devel15,39,10,3,0,133,81,40,40
devel15,39,10,4,0,109,146,0,0
devel15,39,10,5,0,207,137,0,0
devel15,39,10,6,1,82,208,30,30
devel15,39,10,7,0,246,228,0,0
devel08,4,1,1,1,138,279,30,30
devel08,4,1,2,1,207,271,33,34
devel08,4,1,3,0,160,85,40,40
devel08,4,1,4,0,122,146,0,0
devel08,4,1,5,0,233,141,0,0
devel08,4,1,6,1,99,220,30,30
devel08,4,1,7,1,231,221,30,30
devel11,29,36,3,0,127,95,40,40
devel11,29,36,1,1,85,277,34,31
devel11,29,36,2,0,112,136,38,35
devel11,29,36,4,0,103,158,0,0
devel11,29,36,5,0,203,156,0,0
devel11,29,36,7,0,224,213,0,0
devel11,29,36,6,1,76,219,30,30
devel09,45,15,3,0,197,100,33,29
devel09,45,15,1,0,138,122,33,29
devel09,45,15,2,0,258,105,28,24
devel09,45,15,4,0,180,136,0,0
devel09,45,15,5,0,251,136,0,0
devel09,45,15,6,0,157,175,0,0
devel09,45,15,7,0,284,164,0,0
devel15,45,14,3,0,137,82,40,40
devel15,45,14,1,1,97,269,33,29
devel15,45,14,2,0,232,82,34,35
devel15,45,14,4,0,108,145,0,0
devel15,45,14,5,0,215,137,0,0
devel15,45,14,6,1,79,211,30,30
devel15,45,14,7,0,272,197,0,0
devel04,24,44,3,0,149,87,29,30
devel04,24,44,1,0,102,242,28,28
devel04,24,44,2,0,248,225,26,29
devel04,24,44,4,0,120,132,0,0
devel04,24,44,5,0,200,131,0,0
devel04,24,44,6,1,100,169,30,30
devel04,24,44,7,1,212,171,30,30
devel08,11,36,3,0,163,80,40,40
devel08,11,36,1,1,135,263,35,33
devel08,11,36,2,1,194,266,32,29
devel08,11,36,4,0,131,146,0,0
devel08,11,36,5,0,242,150,0,0
devel08,11,36,6,1,100,225,30,30
devel08,11,36,7,1,235,233,30,30
devel02,38,17,1,0,99,222,31,28
devel02,38,17,2,0,194,64,32,29
devel02,38,17,3,0,165,81,31,25
devel02,38,17,4,0,144,123,0,0
devel02,38,17,5,0,215,116,0,0
devel02,38,17,6,1,119,168,30,30
devel02,38,17,7,0,266,128,0,0
devel14,43,29,3,0,156,93,35,39
devel14,43,29,1,1,141,219,31,28
devel14,43,29,2,0,146,206,28,31
devel14,43,29,4,0,124,154,0,0
devel14,43,29,5,0,213,154,0,0
devel14,43,29,6,0,111,238,0,0
devel14,43,29,7,0,224,246,0,0
devel16,17,12,1,1,78,272,31,28
devel16,17,12,2,0,142,220,45,43
devel16,17,12,3,0,126,82,40,40
devel16,17,12,4,0,97,146,0,0
devel16,17,12,5,0,196,143,0,0
devel16,17,12,6,1,61,234,30,30
devel16,17,12,7,1,221,213,30,30
devel01,41,9,1,0,130,235,24,30
devel01,41,9,2,0,275,69,41,46
devel01,41,9,3,0,178,64,31,27
devel01,41,9,4,0,153,111,0,0
devel01,41,9,5,0,234,110,0,0
devel01,41,9,6,1,135,176,30,30
devel01,41,9,7,0,252,165,0,0
devel16,16,172,1,0,166,151,54,63
devel16,16,172,2,0,213,151,51,47
devel16,16,172,3,0,129,80,40,40
devel16,16,172,4,0,89,147,0,0
devel16,16,172,5,0,197,142,0,0
devel16,16,172,6,0,97,243,0,0
devel16,16,172,7,0,236,263,0,0
devel12,1,31,1,1,91,276,35,29
devel12,1,31,2,0,160,154,66,42
devel12,1,31,3,0,134,94,35,48
devel12,1,31,4,0,112,162,0,0
devel12,1,31,5,0,236,148,0,0
devel12,1,31,6,1,87,240,30,30
devel12,1,31,7,0,296,177,0,0
devel10,45,42,1,1,57,278,35,29
devel10,45,42,2,0,242,116,51,30
devel10,45,42,3,0,53,45,42,47
devel10,45,42,4,1,2,95,30,30
devel10,45,42,5,0,140,104,0,0
devel10,45,42,6,1,11,244,30,30
devel10,45,42,7,1,173,129,30,30
devel19,4,40,1,1,72,283,35,29
devel19,4,40,2,0,192,121,51,68
devel19,4,40,3,0,160,85,40,40
devel19,4,40,4,0,122,151,0,0
devel19,4,40,5,1,212,133,30,30
devel19,4,40,6,1,81,231,30,30
devel19,4,40,7,0,254,257,0,0
devel10,6,12,1,1,72,283,35,29
devel10,6,12,2,0,230,128,53,39
devel10,6,12,3,0,52,40,40,52
devel10,6,12,4,1,2,105,30,30
devel10,6,12,5,0,142,103,0,0
devel10,6,12,6,1,27,244,30,30
devel10,6,12,7,1,170,125,30,30
devel02,10,27,1,0,200,141,29,21
devel02,10,27,2,0,156,148,40,29
devel02,10,27,3,0,157,77,30,34
devel02,10,27,4,0,132,119,0,0
devel02,10,27,5,0,208,114,0,0
devel02,10,27,6,0,135,169,0,0
devel02,10,27,7,0,241,159,0,0
devel04,23,32,1,0,98,238,28,37
devel04,23,32,2,0,252,205,29,26
devel04,23,32,3,0,139,86,35,38
devel04,23,32,4,0,114,135,0,0
devel04,23,32,5,0,189,129,0,0
devel04,23,32,6,1,96,172,30,30
devel04,23,32,7,1,219,163,26,27
devel03,32,77,3,1,162,17,40,45
devel03,32,77,1,0,138,125,56,81
devel03,32,77,2,0,179,130,62,78
devel03,32,77,4,0,137,72,0,0
devel03,32,77,5,0,252,66,0,0
devel03,32,77,6,0,92,176,0,0
devel03,32,77,7,0,300,170,0,0
devel01,35,174,1,0,125,43,32,35
devel01,35,174,2,0,229,58,31,38
devel01,35,174,3,0,175,55,33,40
devel01,35,174,4,0,158,102,0,0
devel01,35,174,5,0,225,103,0,0
devel01,35,174,6,0,124,150,0,0
devel01,35,174,7,0,253,161,0,0
devel06,25,22,1,1,84,280,37,37
devel06,25,22,2,0,179,164,34,28
devel06,25,22,3,0,132,72,40,45
devel06,25,22,4,0,100,139,0,0
devel06,25,22,5,0,202,129,0,0
devel06,25,22,6,1,82,229,30,30
devel06,25,22,7,0,224,237,0,0
devel09,34,122,1,0,166,98,32,42
devel09,34,122,2,0,237,92,30,40
devel09,34,122,3,0,206,100,27,36
devel09,34,122,4,1,183,131,25,21
devel09,34,122,5,1,232,129,22,23
devel09,34,122,6,0,176,177,0,0
devel09,34,122,7,0,255,182,0,0
devel08,14,22,1,0,108,182,56,54
devel08,14,22,2,0,145,188,64,46
devel08,14,22,3,0,163,76,40,45
devel08,14,22,4,0,135,141,0,0
devel08,14,22,5,0,242,143,0,0
devel08,14,22,6,1,76,230,30,30
devel08,14,22,7,0,298,244,0,0
devel02,32,31,1,0,111,218,26,29
devel02,32,31,2,0,146,104,30,24
devel02,32,31,3,0,180,76,31,33
devel02,32,31,4,1,144,102,30,30
devel02,32,31,5,0,223,110,0,0
devel02,32,31,6,1,122,176,30,28
devel02,32,31,7,0,213,120,0,0
devel05,14,12,3,0,169,71,45,52
devel05,14,12,1,0,117,182,48,50
devel05,14,12,2,0,208,198,62,29
devel05,14,12,4,0,146,132,0,0
devel05,14,12,5,0,258,126,0,0
devel05,14,12,6,0,98,227,0,0
devel05,14,12,7,0,305,219,0,0
devel15,9,21,1,1,104,279,32,31
devel15,9,21,2,0,144,76,47,62
devel15,9,21,3,1,144,78,40,40
devel15,9,21,4,0,113,143,0,0
devel15,9,21,5,0,211,135,0,0
devel15,9,21,6,1,82,225,30,30
devel15,9,21,7,0,203,229,0,0
devel17,20,13,1,1,164,256,40,36
devel17,20,13,2,0,303,186,58,35
devel17,20,13,3,0,185,82,40,40
devel17,20,13,4,0,155,146,0,0
devel17,20,13,5,0,259,149,0,0
devel17,20,13,6,1,137,207,30,30
devel17,20,13,7,1,265,197,30,30
devel14,22,60,1,0,135,214,33,42
devel14,22,60,2,0,167,215,31,40
devel14,22,60,3,0,161,91,31,44
devel14,22,60,4,0,134,146,0,0
devel14,22,60,5,0,217,154,0,0
devel14,22,60,6,1,111,216,30,30
devel14,22,60,7,1,197,230,30,30
devel10,37,21,1,1,75,283,33,32
devel10,37,21,2,0,175,167,35,40
devel10,37,21,3,0,52,45,40,49
devel10,37,21,4,1,5,101,30,30
devel10,37,21,5,0,121,103,0,0
devel10,37,21,6,1,7,215,30,30
devel10,37,21,7,1,134,187,30,30
devel12,39,83,1,1,119,280,33,32
devel12,39,83,2,0,164,113,65,94
devel12,39,83,3,0,143,93,37,46
devel12,39,83,4,0,121,156,0,0
devel12,39,83,5,1,209,127,30,30
devel12,39,83,6,1,96,225,30,30
devel12,39,83,7,0,294,140,0,0
devel17,22,14,1,1,161,255,41,44
devel17,22,14,2,0,250,103,49,58
devel17,22,14,3,0,188,82,35,40
devel17,22,14,4,0,158,145,0,0
devel17,22,14,5,0,254,146,0,0
devel17,22,14,6,1,135,203,30,30
devel17,22,14,7,0,293,211,0,0
devel04,15,29,1,0,118,229,26,30
devel04,15,29,2,0,239,221,30,44
devel04,15,29,3,0,159,85,28,32
devel04,15,29,4,0,132,129,0,0
devel04,15,29,5,0,204,129,0,0
devel04,15,29,6,1,108,178,30,30
devel04,15,29,7,1,217,170,30,30
devel15,9,26,3,1,144,70,40,46
devel15,9,26,1,1,98,273,37,37
devel15,9,26,2,0,137,79,50,57
devel15,9,26,4,0,114,143,0,0
devel15,9,26,5,0,211,132,0,0
devel15,9,26,6,1,78,221,35,32
devel15,9,26,7,0,203,227,0,0
devel14,41,57,3,0,156,88,34,46
devel14,41,57,1,1,135,218,41,36
devel14,41,57,2,0,132,209,51,39
devel14,41,57,4,0,130,150,0,0
devel14,41,57,5,0,218,158,0,0
devel14,41,57,6,1,109,220,28,29
devel14,41,57,7,0,223,254,0,0
devel19,9,19,1,0,186,134,27,69
devel19,9,19,2,0,144,140,30,74
devel19,9,19,3,0,158,87,39,43
devel19,9,19,4,0,120,149,0,0
devel19,9,19,5,0,227,148,0,0
devel19,9,19,6,0,121,246,0,0
devel19,9,19,7,0,233,254,0,0
devel17,26,37,1,1,157,256,44,38
devel17,26,37,2,0,287,195,49,29
devel17,26,37,3,0,189,83,35,41
devel17,26,37,4,0,154,145,0,0
devel17,26,37,5,0,255,147,0,0
devel17,26,37,6,1,135,200,30,30
devel17,26,37,7,1,264,194,30,28
devel09,34,63,1,0,184,187,35,27
devel09,34,63,2,0,200,170,29,24
devel09,34,63,3,0,204,100,31,30
devel09,34,63,4,0,183,142,0,0
devel09,34,63,5,0,252,144,0,0
devel09,34,63,6,1,161,175,27,25
devel09,34,63,7,0,273,185,0,0
devel06,2,3,1,1,113,273,35,32
devel06,2,3,2,0,199,223,45,42
devel06,2,3,3,0,142,66,40,44
devel06,2,3,4,0,114,125,0,0
devel06,2,3,5,0,210,133,0,0
devel06,2,3,6,1,79,219,30,30
devel06,2,3,7,1,211,213,30,30
devel13,17,23,3,0,116,70,40,46
devel13,17,23,4,0,81,142,0,0
devel13,17,23,5,0,186,148,0,0
devel13,17,23,6,1,56,225,30,30
devel13,17,23,7,0,228,221,0,0
devel13,17,23,1,1,98,271,35,32
devel13,17,23,2,0,181,86,40,52
devel01,19,88,1,0,138,226,25,35
devel01,19,88,2,0,115,148,45,33
devel01,19,88,3,0,182,58,30,34
devel01,19,88,4,0,164,114,0,0
devel01,19,88,5,0,237,104,0,0
devel01,19,88,6,1,144,181,30,30
devel01,19,88,7,0,221,163,0,0
devel14,45,22,3,0,160,85,33,52
devel14,45,22,4,0,128,151,0,0
devel14,45,22,5,0,217,156,0,0
devel14,45,22,6,1,109,218,30,30
devel14,45,22,1,1,103,283,31,26
devel14,45,22,2,1,164,282,30,30
devel14,45,22,7,1,204,229,30,30
devel06,39,24,3,0,140,64,40,55
devel06,39,24,4,0,110,129,0,0
devel06,39,24,5,0,204,130,0,0
devel06,39,24,6,1,76,210,30,30
devel06,39,24,7,1,210,206,30,30
devel06,39,24,1,1,123,263,34,37
devel06,39,24,2,1,169,258,39,42
devel17,40,35,3,0,198,85,35,48
devel17,40,35,1,1,167,261,41,40
devel17,40,35,2,0,265,243,42,40
devel17,40,35,4,0,155,146,0,0
devel17,40,35,5,0,255,148,0,0
devel17,40,35,6,1,135,202,33,32
devel17,40,35,7,1,245,197,32,31
devel12,34,42,3,0,148,90,38,58
devel12,34,42,4,0,123,159,0,0
devel12,34,42,5,0,224,161,0,0
devel12,34,42,6,1,96,215,34,35
devel12,34,42,7,1,239,254,35,35
devel12,34,42,1,1,113,268,41,39
devel12,34,42,2,1,187,280,42,32
devel02,34,30,1,0,98,214,24,27
devel02,34,30,2,0,251,221,24,35
devel02,34,30,3,0,182,68,27,35
devel02,34,30,4,0,158,121,0,0
devel02,34,30,5,0,232,121,0,0
devel02,34,30,6,1,130,160,30,30
devel02,34,30,7,1,230,162,30,30
devel16,6,39,1,1,82,281,24,27
devel16,6,39,2,0,244,122,29,31
devel16,6,39,3,0,117,70,43,45
devel16,6,39,4,0,94,146,0,0
devel16,6,39,5,0,200,142,0,0
devel16,6,39,6,1,55,236,30,30
devel16,6,39,7,1,257,190,30,30
devel09,46,9,1,0,157,221,26,29
devel09,46,9,2,0,253,223,20,30
devel09,46,9,3,0,199,94,25,30
devel09,46,9,4,0,177,141,0,0
devel09,46,9,5,0,242,139,0,0
devel09,46,9,6,1,153,175,30,30
devel09,46,9,7,1,241,175,30,30
devel11,36,44,1,1,91,273,26,29
devel11,36,44,2,0,84,187,58,22
devel11,36,44,3,0,125,90,40,42
devel11,36,44,4,0,108,156,0,0
devel11,36,44,5,0,203,149,0,0
devel11,36,44,6,1,73,226,30,30
devel11,36,44,7,0,235,180,0,0
devel20,5,22,1,0,185,55,25,24
devel20,5,22,2,0,208,54,29,25
devel20,5,22,3,0,192,91,25,33
devel20,5,22,4,0,182,127,0,0
devel20,5,22,5,0,228,127,0,0
devel20,5,22,6,0,132,103,0,0
devel20,5,22,7,0,279,103,0,0
devel10,22,35,1,1,68,287,25,24
devel10,22,35,2,0,167,217,39,45
devel10,22,35,3,0,52,42,43,40
devel10,22,35,4,1,8,95,30,30
devel10,22,35,5,0,109,100,0,0
devel10,22,35,6,1,6,237,30,30
devel10,22,35,7,1,137,174,30,30
devel08,4,21,1,1,143,287,25,24
devel08,4,21,2,0,219,50,47,36
devel08,4,21,3,0,161,60,40,45
devel08,4,21,4,0,124,143,0,0
devel08,4,21,5,1,215,115,30,30
devel08,4,21,6,1,100,231,30,30
devel08,4,21,7,0,304,165,0,0
devel05,15,33,1,0,92,110,37,44
devel05,15,33,3,0,171,60,40,45
devel05,15,33,4,0,149,117,0,0
devel05,15,33,5,0,244,122,0,0
devel05,15,33,6,1,63,115,30,30
devel05,15,33,7,1,275,202,30,30
devel05,15,33,2,0,214,193,41,45
devel08,14,41,1,1,123,271,30,28
devel08,14,41,2,1,232,268,31,29
devel08,14,41,3,0,167,64,40,43
devel08,14,41,4,0,139,139,0,0
devel08,14,41,5,1,213,123,30,30
devel08,14,41,6,1,102,234,30,30
devel08,14,41,7,1,240,231,30,30
devel04,46,79,1,0,94,241,30,28
devel04,46,79,2,0,288,171,48,34
devel04,46,79,3,0,150,80,33,40
devel04,46,79,4,0,131,131,0,0
devel04,46,79,5,0,193,127,0,0
devel04,46,79,6,1,108,170,27,25
devel04,46,79,7,1,215,141,30,30
devel20,28,15,1,0,164,171,26,24
devel20,28,15,2,0,276,179,31,29
devel20,28,15,3,0,191,95,26,29
devel20,28,15,4,0,173,139,0,0
devel20,28,15,5,0,232,137,0,0
devel20,28,15,6,0,150,200,0,0
devel20,28,15,7,0,249,205,0,0
devel08,35,11,1,1,135,279,30,28
devel08,35,11,2,1,218,280,31,29
devel08,35,11,3,0,160,59,40,51
devel08,35,11,4,0,117,141,0,0
devel08,35,11,5,0,232,145,0,0
devel08,35,11,6,1,101,238,30,30
devel08,35,11,7,1,235,232,30,30
devel04,46,43,1,0,109,247,25,30
devel04,46,43,2,0,238,178,31,22
devel04,46,43,3,0,150,82,29,35
devel04,46,43,4,0,125,130,0,0
devel04,46,43,5,0,193,130,0,0
devel04,46,43,6,1,102,190,30,30
devel04,46,43,7,1,199,168,30,30
devel02,37,31,1,1,162,41,25,30
devel02,37,31,2,0,171,47,31,22
devel02,37,31,3,0,175,71,25,31
devel02,37,31,4,0,173,111,0,0
devel02,37,31,5,0,205,112,0,0
devel02,37,31,6,0,118,83,0,0
devel02,37,31,7,0,244,104,0,0
devel13,23,19,1,0,105,78,58,24
devel13,23,19,2,0,120,124,43,45
devel13,23,19,3,1,114,65,48,45
devel13,23,19,4,1,70,119,30,30
devel13,23,19,5,1,156,118,30,30
devel13,23,19,6,0,45,179,0,0
devel13,23,19,7,0,178,254,0,0
devel08,8,23,1,1,126,273,41,39
devel08,8,23,2,0,191,62,38,48
devel08,8,23,3,0,157,61,37,49
devel08,8,23,4,0,124,140,0,0
devel08,8,23,5,0,225,127,0,0
devel08,8,23,6,1,100,235,30,30
devel08,8,23,7,0,299,152,0,0
devel14,27,37,1,0,106,179,32,40
devel14,27,37,2,0,134,209,29,33
devel14,27,37,3,0,159,81,35,42
devel14,27,37,4,0,134,146,0,0
devel14,27,37,5,0,208,152,0,0
devel14,27,37,6,1,103,202,30,30
devel14,27,37,7,0,217,257,0,0
devel09,20,22,1,0,153,231,24,30
devel09,20,22,2,0,257,70,27,35
devel09,20,22,3,0,196,92,26,34
devel09,20,22,4,0,175,140,0,0
devel09,20,22,5,0,236,134,0,0
devel09,20,22,6,1,154,178,30,30
devel09,20,22,7,0,283,153,0,0
devel05,3,13,1,0,108,203,38,33
devel05,3,13,2,0,230,209,47,28
devel05,3,13,3,0,172,64,39,49
devel05,3,13,4,0,147,130,0,0
devel05,3,13,5,0,251,125,0,0
devel05,3,13,6,1,88,203,30,30
devel05,3,13,7,1,283,207,30,30
devel16,30,14,1,0,131,115,29,58
devel16,30,14,2,0,159,114,32,61
devel16,30,14,3,0,128,69,33,37
devel16,30,14,4,0,96,141,0,0
devel16,30,14,5,0,190,140,0,0
devel16,30,14,6,0,81,248,0,0
devel16,30,14,7,0,213,254,0,0
devel03,9,36,1,0,106,245,26,38
devel03,9,36,2,0,243,225,44,46
devel03,9,36,3,1,170,20,40,40
devel03,9,36,4,0,135,73,0,0
devel03,9,36,5,0,252,68,0,0
devel03,9,36,6,1,106,169,30,30
devel03,9,36,7,1,267,149,30,30
devel18,13,44,1,1,143,277,31,32
devel18,13,44,2,0,222,179,21,37
devel18,13,44,3,0,183,160,31,32
devel18,13,44,4,0,162,206,0,0
devel18,13,44,5,1,208,182,27,27
devel18,13,44,6,1,128,259,30,30
devel18,13,44,7,0,254,274,0,0
devel20,21,23,1,0,159,166,25,21
devel20,21,23,2,0,204,158,32,25
devel20,21,23,3,0,186,95,28,33
devel20,21,23,4,0,173,142,0,0
devel20,21,23,5,0,233,139,0,0
devel20,21,23,6,1,142,182,28,26
devel20,21,23,7,1,241,165,27,27
devel06,24,44,1,0,193,141,51,23
devel06,24,44,2,1,215,133,42,33
devel06,24,44,3,0,135,58,43,50
devel06,24,44,4,0,103,131,0,0
devel06,24,44,5,0,194,120,0,0
devel06,24,44,6,0,134,236,0,0
devel06,24,44,7,0,218,231,0,0
devel16,29,49,1,1,69,284,39,37
devel16,29,49,2,0,171,138,47,31
devel16,29,49,3,0,123,69,35,48
devel16,29,49,4,0,98,146,0,0
devel16,29,49,5,1,172,128,30,30
devel16,29,49,6,1,57,232,30,30
devel16,29,49,7,0,241,245,0,0
devel14,35,103,1,1,96,275,33,30
devel14,35,103,2,0,172,177,56,23
devel14,35,103,3,0,156,85,31,35
devel14,35,103,4,0,129,153,0,0
devel14,35,103,5,0,205,151,0,0
devel14,35,103,6,1,108,221,30,30
devel14,35,103,7,0,213,252,0,0
devel05,47,88,1,0,97,182,51,34
devel05,47,88,2,0,224,188,57,33
devel05,47,88,3,0,174,56,38,46
devel05,47,88,4,0,144,123,0,0
devel05,47,88,5,0,250,118,0,0
devel05,47,88,6,1,90,186,30,30
devel05,47,88,7,1,289,184,30,30
devel16,44,40,1,1,67,286,34,31
devel16,44,40,2,0,131,144,65,28
devel16,44,40,3,0,125,69,33,47
devel16,44,40,4,0,95,145,0,0
devel16,44,40,5,0,193,141,0,0
devel16,44,40,6,1,56,230,30,30
devel16,44,40,7,0,232,238,0,0
devel13,43,80,1,0,78,241,51,35
devel13,43,80,2,0,149,226,49,41
devel13,43,80,3,0,118,70,35,42
devel13,43,80,4,0,82,137,0,0
devel13,43,80,5,0,175,139,0,0
devel13,43,80,6,1,44,223,30,30
devel13,43,80,7,1,183,212,30,30
devel14,11,25,1,1,95,280,32,33
devel14,11,25,2,0,138,162,42,34
devel14,11,25,3,0,159,83,31,39
devel14,11,25,4,0,134,152,0,0
devel14,11,25,5,0,206,151,0,0
devel14,11,25,6,1,107,220,30,30
devel14,11,25,7,0,218,255,0,0
devel15,20,131,1,1,110,273,35,33
devel15,20,131,2,0,231,90,39,48
devel15,20,131,3,0,145,70,33,41
devel15,20,131,4,0,121,139,0,0
devel15,20,131,5,0,208,137,0,0
devel15,20,131,6,1,80,228,30,30
devel15,20,131,7,0,268,221,0,0
devel17,27,14,1,1,168,261,34,36
devel17,27,14,2,0,266,104,47,46
devel17,27,14,3,0,189,79,32,37
devel17,27,14,4,0,159,143,0,0
devel17,27,14,5,0,242,141,0,0
devel17,27,14,6,1,134,205,30,30
devel17,27,14,7,0,287,213,0,0
devel20,33,59,1,0,163,169,25,24
devel20,33,59,2,0,198,140,28,25
devel20,33,59,3,0,190,94,23,28
devel20,33,59,4,0,173,139,0,0
devel20,33,59,5,0,231,137,0,0
devel20,33,59,6,0,153,201,0,0
devel20,33,59,7,0,251,206,0,0
devel14,6,12,1,0,145,143,28,27
devel14,6,12,2,0,175,142,27,35
devel14,6,12,3,0,155,84,35,35
devel14,6,12,4,0,136,143,0,0
devel14,6,12,5,0,211,149,0,0
devel14,6,12,6,0,132,224,0,0
devel14,6,12,7,0,214,236,0,0
devel02,14,14,1,0,43,133,19,25
devel02,14,14,2,0,216,144,24,22
devel02,14,14,3,0,147,70,25,33
devel02,14,14,4,0,124,116,0,0
devel02,14,14,5,0,187,114,0,0
devel02,14,14,6,0,94,169,0,0
devel02,14,14,7,1,199,142,30,30
devel15,13,23,1,1,100,270,32,34
devel15,13,23,2,0,140,80,49,55
devel15,13,23,3,1,141,67,40,40
devel15,13,23,4,0,118,140,0,0
devel15,13,23,5,0,207,130,0,0
devel15,13,23,6,1,79,229,30,30
devel15,13,23,7,0,203,229,0,0
devel12,13,50,1,1,98,275,32,34
devel12,13,50,2,0,149,137,44,55
devel12,13,50,3,0,149,83,35,42
devel12,13,50,4,0,123,154,0,0
devel12,13,50,5,0,219,154,0,0
devel12,13,50,6,1,96,221,30,30
devel12,13,50,7,0,200,270,0,0
devel10,11,180,1,1,100,284,32,34
devel10,11,180,2,0,186,215,43,49
devel10,11,180,3,0,49,42,40,40
devel10,11,180,4,1,7,97,30,30
devel10,11,180,5,0,113,99,0,0
devel10,11,180,6,1,17,232,30,30
devel10,11,180,7,1,145,185,30,30
devel02,43,107,1,1,140,35,26,28
devel02,43,107,2,0,157,40,27,21
devel02,43,107,3,0,161,70,22,32
devel02,43,107,4,0,150,105,0,0
devel02,43,107,5,0,193,107,0,0
devel02,43,107,6,0,97,80,0,0
devel02,43,107,7,0,239,84,0,0
devel14,45,10,1,0,113,178,29,24
devel14,45,10,2,0,175,177,30,31
devel14,45,10,3,0,159,85,28,35
devel14,45,10,4,0,134,147,0,0
devel14,45,10,5,0,202,148,0,0
devel14,45,10,6,0,114,242,0,0
devel14,45,10,7,0,214,251,0,0
devel19,3,20,1,1,75,279,36,36
devel19,3,20,2,0,219,108,37,49
devel19,3,20,3,0,166,80,30,40
devel19,3,20,4,0,131,142,0,0
devel19,3,20,5,1,211,125,30,30
devel19,3,20,6,1,84,218,30,30
devel19,3,20,7,0,261,238,0,0
devel10,30,27,1,1,79,279,36,36
devel10,30,27,2,0,219,86,37,34
devel10,30,27,3,0,48,40,40,40
devel10,30,27,4,1,1,90,30,30
devel10,30,27,5,0,110,99,0,0
devel10,30,27,6,1,7,231,30,30
devel10,30,27,7,1,164,156,30,30
devel12,13,56,1,1,92,272,36,36
devel12,13,56,2,0,140,138,55,52
devel12,13,56,3,0,149,83,30,36
devel12,13,56,4,0,121,153,0,0
devel12,13,56,5,0,217,151,0,0
devel12,13,56,6,1,95,219,30,30
devel12,13,56,7,0,204,274,0,0
devel06,24,28,1,1,77,285,36,36
devel06,24,28,2,0,200,204,37,34
devel06,24,28,3,0,131,63,34,43
devel06,24,28,4,0,104,135,0,0
devel06,24,28,5,0,193,128,0,0
devel06,24,28,6,1,80,219,30,30
devel06,24,28,7,1,207,197,30,30
devel06,26,166,1,1,74,285,36,36
devel06,26,166,2,0,205,149,44,28
devel06,26,166,3,0,129,65,36,37
devel06,26,166,4,0,103,139,0,0
devel06,26,166,5,0,195,125,0,0
devel06,26,166,6,1,79,235,30,30
devel06,26,166,7,0,242,225,0,0
devel15,31,15,1,1,103,269,33,32
devel15,31,15,2,0,267,166,72,44
devel15,31,15,3,0,139,73,34,38
devel15,31,15,4,0,112,142,0,0
devel15,31,15,5,0,207,137,0,0
devel15,31,15,6,1,76,225,30,30
devel15,31,15,7,1,243,187,30,30
devel20,28,23,1,0,165,170,26,27
devel20,28,23,2,0,197,125,27,28
devel20,28,23,3,0,193,97,23,31
devel20,28,23,4,0,176,139,0,0
devel20,28,23,5,1,215,124,26,26
devel20,28,23,6,1,145,185,25,26
devel20,28,23,7,0,268,175,0,0
devel15,6,9,2,0,253,192,35,34
devel15,6,9,3,0,142,74,40,40
devel15,6,9,4,0,119,139,0,0
devel15,6,9,5,0,213,139,0,0
devel15,6,9,6,1,78,236,30,30
devel15,6,9,7,0,246,233,0,0
devel15,6,9,1,1,97,268,30,30
devel18,46,33,5,1,215,194,25,25
devel18,46,33,1,1,165,280,27,24
devel18,46,33,2,0,229,160,35,34
devel18,46,33,3,0,184,157,30,35
devel18,46,33,4,0,154,210,0,0
devel18,46,33,6,1,133,258,22,20
devel18,46,33,7,0,235,264,0,0
devel02,33,61,1,1,38,162,49,46
devel02,33,61,2,0,213,143,69,57
devel02,33,61,3,0,172,64,36,37
devel02,33,61,4,0,141,112,0,0
devel02,33,61,5,0,236,122,0,0
devel02,33,61,6,1,110,137,30,30
devel02,33,61,7,1,221,138,30,30
devel08,27,51,1,0,64,162,69,37
devel08,27,51,2,0,236,155,73,34
devel08,27,51,3,0,159,66,44,51
devel08,27,51,4,0,124,141,0,0
devel08,27,51,5,0,243,146,0,0
devel08,27,51,6,0,87,252,0,0
devel08,27,51,7,0,299,229,0,0
devel15,21,14,1,1,103,272,30,26
devel15,21,14,2,0,236,71,37,33
devel15,21,14,3,0,145,70,40,40
devel15,21,14,4,0,114,139,0,0
devel15,21,14,5,0,230,142,0,0
devel15,21,14,6,1,80,229,30,30
devel15,21,14,7,0,289,192,0,0
devel01,37,20,1,1,94,31,35,30
devel01,37,20,2,1,249,37,35,32
devel01,37,20,3,0,176,59,33,32
devel01,37,20,4,0,162,100,0,0
devel01,37,20,5,0,226,100,0,0
devel01,37,20,6,0,103,127,0,0
devel01,37,20,7,0,282,131,0,0
devel04,17,77,3,0,158,86,27,34
devel04,17,77,1,0,108,238,27,30
devel04,17,77,2,0,168,143,31,24
devel04,17,77,4,0,129,131,0,0
devel04,17,77,5,0,211,131,0,0
devel04,17,77,6,1,107,175,25,26
devel04,17,77,7,0,236,185,0,0
devel10,12,91,1,1,141,285,29,29
devel10,12,91,2,0,211,111,59,40
devel10,12,91,3,0,48,42,43,44
devel10,12,91,4,1,2,121,30,30
devel10,12,91,5,0,126,103,0,0
devel10,12,91,6,1,20,245,30,30
devel10,12,91,7,0,174,199,0,0
devel17,7,44,1,1,183,264,29,29
devel17,7,44,2,0,289,126,45,48
devel17,7,44,3,0,188,81,34,37
devel17,7,44,4,0,157,143,0,0
devel17,7,44,5,0,256,144,0,0
devel17,7,44,6,1,138,214,26,26
devel17,7,44,7,1,275,199,26,27
devel05,42,27,3,0,173,53,42,55
devel05,42,27,1,0,116,81,48,30
devel05,42,27,2,0,206,188,51,39
devel05,42,27,4,1,135,103,30,30
devel05,42,27,5,0,256,121,0,0
devel05,42,27,6,0,64,128,0,0
devel05,42,27,7,1,263,185,30,30
devel11,35,19,3,0,129,94,40,42
devel11,35,19,1,1,85,269,34,30
devel11,35,19,2,0,120,217,47,39
devel11,35,19,4,0,103,157,0,0
devel11,35,19,5,0,203,158,0,0
devel11,35,19,6,1,74,234,30,30
devel11,35,19,7,0,214,265,0,0
devel11,15,24,1,1,85,269,34,30
devel11,15,24,2,0,70,153,66,44
devel11,15,24,3,0,126,90,40,40
devel11,15,24,4,1,90,144,30,30
devel11,15,24,5,0,200,147,0,0
devel11,15,24,6,1,74,224,26,26
devel11,15,24,7,0,198,230,0,0
devel14,13,58,1,0,150,176,49,24
devel14,13,58,2,1,96,276,31,30
devel14,13,58,3,0,160,85,40,40
devel14,13,58,4,0,123,157,0,0
devel14,13,58,5,0,217,156,0,0
devel14,13,58,6,1,113,209,26,26
devel14,13,58,7,0,203,254,0,0
devel07,5,16,1,0,159,134,23,39
devel07,5,16,2,0,146,122,47,15
devel07,5,16,3,0,158,97,29,28
devel07,5,16,4,0,137,145,0,0
devel07,5,16,5,1,197,129,24,21
devel07,5,16,6,0,132,206,0,0
devel07,5,16,7,0,242,152,0,0
devel14,44,23,1,0,142,173,29,29
devel14,44,23,2,0,165,183,33,30
devel14,44,23,3,0,155,92,31,40
devel14,44,23,4,0,129,146,0,0
devel14,44,23,5,0,218,154,0,0
devel14,44,23,6,0,126,241,0,0
devel14,44,23,7,0,212,255,0,0
devel05,41,184,1,0,112,147,51,71
devel05,41,184,2,0,221,150,56,71
devel05,41,184,3,0,173,65,43,44
devel05,41,184,4,0,139,118,0,0
devel05,41,184,5,0,256,113,0,0
devel05,41,184,6,0,74,195,0,0
devel05,41,184,7,0,320,195,0,0
devel04,37,83,1,0,71,223,37,31
devel04,37,83,2,0,229,208,30,36
devel04,37,83,3,0,151,90,30,31
devel04,37,83,4,0,124,127,0,0
devel04,37,83,5,0,209,128,0,0
devel04,37,83,6,1,92,175,25,25
devel04,37,83,7,1,213,169,26,25
devel16,46,150,1,1,82,286,29,24
devel16,46,150,2,0,177,142,38,35
devel16,46,150,3,0,125,75,40,40
devel16,46,150,4,0,92,148,0,0
devel16,46,150,5,1,186,139,30,30
devel16,46,150,6,1,59,244,25,25
devel16,46,150,7,0,247,239,0,0
devel02,43,50,1,0,50,133,41,29
devel02,43,50,2,0,157,128,37,24
devel02,43,50,3,0,164,70,28,34
devel02,43,50,4,0,141,120,0,0
devel02,43,50,5,0,218,118,0,0
devel02,43,50,6,1,107,131,24,25
devel02,43,50,7,1,201,136,25,22
devel14,33,72,1,1,137,187,31,32
devel14,33,72,2,1,136,186,32,34
devel14,33,72,3,0,155,90,37,39
devel14,33,72,4,0,127,151,0,0
devel14,33,72,5,0,222,159,0,0
devel14,33,72,6,0,117,246,0,0
devel14,33,72,7,0,214,257,0,0
devel03,10,14,1,0,132,142,50,88
devel03,10,14,2,0,199,141,60,86
devel03,10,14,3,1,173,17,40,48
devel03,10,14,4,0,131,69,0,0
devel03,10,14,5,0,266,71,0,0
devel03,10,14,6,0,73,167,0,0
devel03,10,14,7,0,321,171,0,0
devel13,7,27,1,0,97,116,69,24
devel13,7,27,2,0,116,156,35,54
devel13,7,27,3,0,116,72,40,40
devel13,7,27,4,1,66,135,30,30
devel13,7,27,5,0,186,148,0,0
devel13,7,27,6,1,14,175,30,30
devel13,7,27,7,0,190,257,0,0
devel02,40,39,1,0,76,164,39,30
devel02,40,39,2,0,227,155,49,29
devel02,40,39,3,0,190,76,28,29
devel02,40,39,4,0,163,116,0,0
devel02,40,39,5,0,244,120,0,0
devel02,40,39,6,1,118,140,30,30
devel02,40,39,7,1,238,145,26,24
devel08,39,9,1,0,111,91,64,75
devel08,39,9,2,0,182,82,70,79
devel08,39,9,3,0,156,54,45,49
devel08,39,9,4,1,112,127,30,30
devel08,39,9,5,1,217,125,30,30
devel08,39,9,6,0,97,237,0,0
devel08,39,9,7,0,252,235,0,0
devel03,39,107,1,0,136,235,43,46
devel03,39,107,2,0,262,239,55,39
devel03,39,107,3,1,201,26,40,40
devel03,39,107,4,0,156,89,0,0
devel03,39,107,5,0,298,84,0,0
devel03,39,107,6,1,135,179,30,30
devel03,39,107,7,1,295,171,30,30
devel12,21,65,3,1,161,86,40,71
devel12,21,65,1,1,84,279,32,30
devel12,21,65,2,0,176,137,37,60
devel12,21,65,4,0,126,156,0,0
devel12,21,65,5,0,233,168,0,0
devel12,21,65,6,1,94,239,30,30
devel12,21,65,7,1,206,256,30,30
devel18,16,15,1,0,185,179,28,50
devel18,16,15,2,0,181,160,65,25
devel18,16,15,3,1,185,160,32,35
devel18,16,15,4,0,159,205,0,0
devel18,16,15,5,0,232,206,0,0
devel18,16,15,6,0,146,264,0,0
devel18,16,15,7,0,272,227,0,0
devel19,39,29,1,1,97,291,33,29
devel19,39,29,2,0,226,118,41,56
devel19,39,29,3,0,165,83,38,47
devel19,39,29,4,0,120,152,0,0
devel19,39,29,5,1,216,144,30,30
devel19,39,29,6,1,88,235,30,30
devel19,39,29,7,0,262,262,0,0
devel11,36,21,1,1,95,279,33,29
devel11,36,21,2,0,103,224,58,31
devel11,36,21,3,0,126,96,40,40
devel11,36,21,4,0,104,160,0,0
devel11,36,21,5,0,195,152,0,0
devel11,36,21,6,1,76,233,30,30
devel11,36,21,7,0,242,231,0,0
devel13,15,15,1,1,99,277,24,21
devel13,15,15,2,0,158,82,37,49
devel13,15,15,3,0,118,77,40,40
devel13,15,15,4,0,81,140,0,0
devel13,15,15,5,1,158,126,30,30
devel13,15,15,6,1,56,228,30,30
devel13,15,15,7,0,228,215,0,0
devel06,26,92,1,1,86,300,24,21
devel06,26,92,2,0,207,149,49,31
devel06,26,92,3,0,126,72,40,40
devel06,26,92,4,0,94,144,0,0
devel06,26,92,5,0,202,129,0,0
devel06,26,92,6,1,76,244,30,30
devel06,26,92,7,0,243,225,0,0
devel20,2,19,1,0,145,130,24,21
devel20,2,19,2,0,231,122,21,30
devel20,2,19,3,0,194,98,22,28
devel20,2,19,4,1,165,133,25,22
devel20,2,19,5,1,219,132,25,26
devel20,2,19,6,0,154,200,0,0
devel20,2,19,7,0,252,199,0,0
devel15,24,25,1,1,97,269,31,29
devel15,24,25,2,0,261,153,46,58
devel15,24,25,3,0,134,78,33,39
devel15,24,25,4,0,107,146,0,0
devel15,24,25,5,0,199,126,0,0
devel15,24,25,6,1,76,230,30,30
devel15,24,25,7,1,254,128,30,30
devel06,16,15,1,0,170,139,27,25
devel06,16,15,2,0,196,134,31,27
devel06,16,15,3,0,148,67,40,40
devel06,16,15,4,0,116,118,0,0
devel06,16,15,5,0,210,124,0,0
devel06,16,15,6,0,113,222,0,0
devel06,16,15,7,0,235,225,0,0
devel01,41,19,3,0,177,56,31,35
devel01,41,19,1,1,135,240,27,25
devel01,41,19,2,0,246,218,25,27
devel01,41,19,4,0,154,106,0,0
devel01,41,19,5,0,236,111,0,0
devel01,41,19,6,1,138,165,25,26
devel01,41,19,7,1,219,165,24,25
devel13,2,11,1,0,57,190,67,40
devel13,2,11,2,0,133,204,66,40
devel13,2,11,3,0,118,77,35,40
devel13,2,11,4,0,84,140,0,0
devel13,2,11,5,1,164,133,30,30
devel13,2,11,6,1,39,212,30,30
devel13,2,11,7,1,180,211,30,30
devel12,22,70,3,0,150,91,33,45
devel12,22,70,1,0,110,122,31,63
devel12,22,70,2,0,177,119,33,64
devel12,22,70,4,1,108,158,30,30
devel12,22,70,5,0,224,162,0,0
devel12,22,70,6,0,120,273,0,0
devel12,22,70,7,0,204,274,0,0
devel02,2,34,3,0,182,70,32,30
devel02,2,34,1,0,59,120,39,38
devel02,2,34,2,0,222,117,86,33
devel02,2,34,4,0,153,111,0,0
devel02,2,34,5,0,237,113,0,0
devel02,2,34,6,1,101,123,25,23
devel02,2,34,7,1,243,124,25,24
devel18,41,15,3,0,181,163,28,34
devel18,41,15,1,1,158,289,28,23
devel18,41,15,2,0,219,139,41,56
devel18,41,15,4,0,156,206,0,0
devel18,41,15,5,1,211,202,25,27
devel18,41,15,6,1,126,252,30,30
devel18,41,15,7,0,258,246,0,0
devel15,42,32,3,1,135,74,34,39
devel15,42,32,2,0,135,112,41,50
devel15,42,32,1,1,97,272,34,29
devel15,42,32,4,0,109,146,0,0
devel15,42,32,5,0,213,136,0,0
devel15,42,32,6,1,78,225,30,30
devel15,42,32,7,0,223,239,0,0
devel15,43,105,3,1,135,74,40,40
devel15,43,105,2,0,137,81,44,51
devel15,43,105,1,1,95,269,30,29
devel15,43,105,4,0,106,146,0,0
devel15,43,105,5,0,206,128,0,0
devel15,43,105,6,1,77,225,30,30
devel15,43,105,7,0,192,221,0,0
devel09,13,62,1,0,175,100,30,34
devel09,13,62,2,0,226,95,27,35
devel09,13,62,3,0,202,100,27,27
devel09,13,62,6,0,182,172,0,0
devel09,13,62,7,0,245,171,0,0
devel09,13,62,5,1,235,128,30,30
devel09,13,62,4,1,169,126,30,30
devel03,42,31,1,0,177,148,46,60
devel03,42,31,2,0,226,140,50,52
devel03,42,31,3,1,196,24,40,40
devel03,42,31,4,0,155,87,0,0
devel03,42,31,5,0,294,79,0,0
devel03,42,31,6,1,119,163,30,30
devel03,42,31,7,1,305,150,30,30
devel17,13,40,3,1,186,81,35,34
devel17,13,40,2,1,231,88,61,60
devel17,13,40,1,0,281,95,56,65
devel17,13,40,4,0,155,142,0,0
devel17,13,40,5,1,232,125,30,30
devel17,13,40,6,0,209,190,0,0
devel17,13,40,7,0,281,206,0,0
devel20,18,33,1,0,171,163,18,24
devel20,18,33,2,0,191,146,29,34
devel20,18,33,3,0,193,97,21,27
devel20,18,33,4,0,172,141,0,0
devel20,18,33,5,0,232,137,0,0
devel20,18,33,6,0,153,200,0,0
devel20,18,33,7,1,228,166,25,25
devel17,33,17,1,1,162,257,36,34
devel17,33,17,2,0,261,139,44,30
devel17,33,17,3,0,194,78,26,33
devel17,33,17,4,0,165,142,0,0
devel17,33,17,5,0,242,139,0,0
devel17,33,17,6,1,136,205,30,30
devel17,33,17,7,0,311,202,0,0
devel16,27,19,1,0,118,148,39,40
devel16,27,19,2,0,169,148,35,39
devel16,27,19,3,0,132,70,31,39
devel16,27,19,4,0,95,144,0,0
devel16,27,19,5,0,192,146,0,0
devel16,27,19,6,0,86,254,0,0
devel16,27,19,7,0,220,267,0,0
devel19,9,27,1,0,194,132,22,63
devel19,9,27,2,0,157,138,20,59
devel19,9,27,3,0,165,84,29,37
devel19,9,27,4,0,130,142,0,0
devel19,9,27,5,0,222,146,0,0
devel19,9,27,6,0,123,245,0,0
devel19,9,27,7,0,233,256,0,0
devel10,41,61,1,1,95,283,36,37
devel10,41,61,2,0,201,112,34,37
devel10,41,61,3,0,51,41,37,40
devel10,41,61,4,1,1,93,30,30
devel10,41,61,5,0,113,102,0,0
devel10,41,61,6,1,10,251,30,30
devel10,41,61,7,1,152,171,30,30
devel06,45,40,1,1,83,285,34,36
devel06,45,40,2,1,193,257,36,36
devel06,45,40,3,0,126,63,35,39
devel06,45,40,4,0,101,137,0,0
devel06,45,40,5,0,184,124,0,0
devel06,45,40,6,1,75,218,30,30
devel06,45,40,7,1,204,194,30,30
devel19,1,32,1,0,158,153,20,64
devel19,1,32,2,0,177,154,17,63
devel19,1,32,3,0,163,82,34,38
devel19,1,32,4,0,129,142,0,0
devel19,1,32,5,0,222,141,0,0
devel19,1,32,6,0,104,256,0,0
devel19,1,32,7,0,249,258,0,0
devel09,11,67,1,1,204,149,29,29
devel09,11,67,2,0,205,153,27,20
devel09,11,67,3,0,207,93,20,24
devel09,11,67,4,0,184,133,0,0
devel09,11,67,5,0,242,133,0,0
devel09,11,67,6,0,164,179,0,0
devel09,11,67,7,0,273,175,0,0
devel12,19,92,1,1,116,279,34,38
devel12,19,92,2,0,156,147,34,39
devel12,19,92,3,0,153,89,31,36
devel12,19,92,4,0,124,163,0,0
devel12,19,92,5,0,222,165,0,0
devel12,19,92,6,1,88,251,30,30
devel12,19,92,7,1,193,263,30,30
devel05,43,8,1,0,83,73,34,54
devel05,43,8,2,0,228,247,34,33
devel05,43,8,3,0,171,68,35,34
devel05,43,8,4,0,147,120,0,0
devel05,43,8,5,0,245,119,0,0
devel05,43,8,6,0,110,219,0,0
devel05,43,8,7,1,261,195,30,30
devel17,14,49,1,1,116,256,39,37
devel17,14,49,2,0,273,122,39,30
devel17,14,49,3,0,197,79,28,35
devel17,14,49,4,0,169,141,0,0
devel17,14,49,5,0,248,141,0,0
devel17,14,49,6,1,128,207,30,30
devel17,14,49,7,0,327,185,0,0
devel12,1,18,1,1,101,284,39,37
devel12,1,18,2,0,165,166,55,77
devel12,1,18,3,0,135,88,33,35
devel12,1,18,4,0,114,159,0,0
devel12,1,18,5,0,209,141,0,0
devel12,1,18,6,1,93,219,30,30
devel12,1,18,7,1,265,174,30,30
devel12,16,8,1,0,95,219,37,46
devel12,16,8,2,0,177,232,54,45
devel12,16,8,3,0,153,89,32,37
devel12,16,8,4,0,126,153,0,0
devel12,16,8,5,0,218,151,0,0
devel12,16,8,6,1,79,220,30,30
devel12,16,8,7,1,245,246,30,30
devel16,29,8,1,0,94,227,33,45
devel16,29,8,2,0,139,242,35,29
devel16,29,8,3,0,133,77,27,39
devel16,29,8,4,0,95,146,0,0
devel16,29,8,5,0,187,144,0,0
devel16,29,8,6,1,52,237,30,30
devel16,29,8,7,1,216,226,30,30
devel20,44,15,1,0,160,189,21,22
devel20,44,15,2,0,203,183,30,19
devel20,44,15,3,0,191,96,21,28
devel20,44,15,4,0,170,139,0,0
devel20,44,15,5,0,227,139,0,0
devel20,44,15,6,1,143,175,30,30
devel20,44,15,7,1,234,185,30,30
devel14,2,26,1,0,143,171,25,26
devel14,2,26,2,0,167,172,30,27
devel14,2,26,3,0,159,85,28,31
devel14,2,26,4,0,134,146,0,0
devel14,2,26,5,0,205,149,0,0
devel14,2,26,6,0,129,237,0,0
devel14,2,26,7,0,211,253,0,0
devel19,13,49,1,1,69,280,32,35
devel19,13,49,2,0,152,151,65,55
devel19,13,49,3,0,165,86,28,35
devel19,13,49,4,0,128,147,0,0
devel19,13,49,5,0,223,144,0,0
devel19,13,49,6,1,77,230,30,30
devel19,13,49,7,1,220,225,30,30
devel01,35,11,1,0,58,48,33,36
devel01,35,11,2,0,232,231,23,29
devel01,35,11,3,0,185,57,25,28
devel01,35,11,4,0,161,102,0,0
devel01,35,11,5,0,228,106,0,0
devel01,35,11,6,0,111,144,0,0
devel01,35,11,7,1,220,156,30,30
devel18,26,21,1,0,188,172,24,48
devel18,26,21,2,0,185,160,37,16
devel18,26,21,3,1,178,156,40,40
devel18,26,21,4,0,163,205,0,0
devel18,26,21,5,0,225,204,0,0
devel18,26,21,6,0,153,264,0,0
devel18,26,21,7,0,262,227,0,0
devel18,25,18,1,1,147,279,31,32
devel18,25,18,2,0,210,152,37,31
devel18,25,18,3,0,186,159,23,32
devel18,25,18,4,0,164,205,0,0
devel18,25,18,5,0,228,205,0,0
devel18,25,18,6,1,130,256,30,30
devel18,25,18,7,0,262,238,0,0
devel05,33,18,1,0,118,42,36,41
devel05,33,18,2,0,234,250,37,31
devel05,33,18,3,0,178,59,35,37
devel05,33,18,4,0,144,108,0,0
devel05,33,18,5,0,243,114,0,0
devel05,33,18,6,0,70,156,0,0
devel05,33,18,7,1,265,186,30,30
devel13,47,123,1,1,84,263,40,40
devel13,47,123,2,0,313,203,43,24
devel13,47,123,3,0,123,73,27,34
devel13,47,123,4,0,85,135,0,0
devel13,47,123,5,0,174,133,0,0
devel13,47,123,6,1,55,225,30,30
devel13,47,123,7,1,218,187,30,30
devel10,40,105,1,1,69,281,40,40
devel10,40,105,2,0,158,231,34,39
devel10,40,105,3,0,47,41,40,40
devel10,40,105,4,1,1,92,30,30
devel10,40,105,5,0,108,101,0,0
devel10,40,105,6,1,1,243,30,30
devel10,40,105,7,1,141,190,30,30
devel14,34,37,1,1,98,278,35,33
devel14,34,37,2,0,161,147,30,39
devel14,34,37,3,0,163,90,25,30
devel14,34,37,4,0,135,146,0,0
devel14,34,37,5,0,202,149,0,0
devel14,34,37,6,1,107,222,30,30
devel14,34,37,7,0,217,256,0,0
devel16,2,11,1,0,134,114,21,62
devel16,2,11,2,0,157,115,28,62
devel16,2,11,3,0,134,70,33,36
devel16,2,11,4,0,99,140,0,0
devel16,2,11,5,0,193,140,0,0
devel16,2,11,6,0,81,245,0,0
devel16,2,11,7,0,218,254,0,0
devel16,40,58,1,0,108,158,41,46
devel16,40,58,2,0,111,141,51,32
devel16,40,58,3,0,128,76,27,34
devel16,40,58,4,0,100,142,0,0
devel16,40,58,5,0,192,140,0,0
devel16,40,58,6,0,73,263,0,0
devel16,40,58,7,0,220,234,0,0
devel16,44,69,1,1,61,284,33,36
devel16,44,69,2,0,155,235,42,43
devel16,44,69,3,0,127,74,27,34
devel16,44,69,4,0,93,146,0,0
devel16,44,69,5,0,183,141,0,0
devel16,44,69,6,1,57,225,30,30
devel16,44,69,7,1,218,213,30,30
devel17,1,32,1,1,171,261,37,35
devel17,1,32,2,0,255,92,54,56
devel17,1,32,3,0,190,78,26,32
devel17,1,32,4,0,158,142,0,0
devel17,1,32,5,0,240,139,0,0
devel17,1,32,6,1,135,212,30,30
devel17,1,32,7,0,285,214,0,0
devel06,18,60,1,0,180,157,56,31
devel06,18,60,2,1,196,153,53,35
devel06,18,60,3,0,147,66,33,35
devel06,18,60,4,0,115,121,0,0
devel06,18,60,5,0,197,117,0,0
devel06,18,60,6,0,124,235,0,0
devel06,18,60,7,0,218,226,0,0
devel03,20,44,1,0,47,171,48,51
devel03,20,44,2,0,252,235,38,40
devel03,20,44,3,1,163,18,40,40
devel03,20,44,4,0,144,73,0,0
devel03,20,44,5,0,243,65,0,0
devel03,20,44,6,1,112,170,30,30
devel03,20,44,7,1,264,164,30,30
devel04,18,20,1,0,140,229,28,44
devel04,18,20,2,0,173,230,28,40
devel04,18,20,3,0,157,86,25,28
devel04,18,20,4,0,139,124,0,0
devel04,18,20,5,0,197,124,0,0
devel04,18,20,6,1,125,183,30,30
devel04,18,20,7,1,182,183,30,30
devel07,27,14,1,0,75,117,28,32
devel07,27,14,2,0,250,103,38,30
devel07,27,14,3,0,174,92,20,25
devel07,27,14,4,0,151,140,0,0
devel07,27,14,5,0,206,140,0,0
devel07,27,14,6,1,97,155,30,30
devel07,27,14,7,1,235,152,30,30
devel13,46,19,1,1,96,272,33,33
devel13,46,19,2,0,279,144,36,54
devel13,46,19,3,0,123,70,29,35
devel13,46,19,4,0,84,140,0,0
devel13,46,19,5,0,178,137,0,0
devel13,46,19,6,1,56,232,30,30
devel13,46,19,7,0,217,231,0,0
devel13,4,20,1,1,96,272,33,33
devel13,4,20,2,0,225,137,47,59
devel13,4,20,3,0,108,68,34,40
devel13,4,20,4,0,76,145,0,0
devel13,4,20,5,0,170,128,0,0
devel13,4,20,6,1,55,235,30,30
devel13,4,20,7,1,224,123,30,30
devel01,22,29,1,0,133,236,19,29
devel01,22,29,2,0,227,93,40,32
devel01,22,29,3,0,182,55,27,29
devel01,22,29,4,0,161,105,0,0
devel01,22,29,5,0,226,105,0,0
devel01,22,29,6,1,134,163,30,30
devel01,22,29,7,0,243,175,0,0
devel04,39,24,1,0,113,243,22,29
devel04,39,24,2,0,156,174,24,21
devel04,39,24,3,0,155,87,25,27
devel04,39,24,4,0,131,128,0,0
devel04,39,24,5,0,191,129,0,0
devel04,39,24,6,1,104,187,30,30
devel04,39,24,7,0,222,197,0,0
devel06,41,21,1,1,82,276,37,36
devel06,41,21,2,0,193,235,28,39
devel06,41,21,3,0,132,62,33,39
devel06,41,21,4,0,109,132,0,0
devel06,41,21,5,0,195,126,0,0
devel06,41,21,6,1,86,214,30,30
devel06,41,21,7,1,208,205,30,30
devel14,11,18,1,1,98,273,31,33
devel14,11,18,2,0,243,158,34,32
devel14,11,18,3,0,160,85,26,36
devel14,11,18,4,0,138,150,0,0
devel14,11,18,5,0,203,151,0,0
devel14,11,18,6,1,109,215,30,30
devel14,11,18,7,0,211,256,0,0
devel18,10,19,1,0,191,172,21,43
devel18,10,19,2,0,181,163,50,15
devel18,10,19,3,1,180,158,35,37
devel18,10,19,4,0,163,205,0,0
devel18,10,19,5,0,223,205,0,0
devel18,10,19,6,0,150,265,0,0
devel18,10,19,7,0,269,226,0,0
devel20,32,26,1,0,162,177,26,26
devel20,32,26,2,0,220,99,27,27
devel20,32,26,3,0,194,95,22,29
devel20,32,26,4,0,178,137,0,0
devel20,32,26,5,0,231,134,0,0
devel20,32,26,6,1,141,179,30,30
devel20,32,26,7,0,273,176,0,0
devel03,40,116,1,0,88,68,36,65
devel03,40,116,2,1,369,212,33,37
devel03,40,116,3,1,195,23,40,40
devel03,40,116,4,0,172,77,0,0
devel03,40,116,5,0,272,71,0,0
devel03,40,116,6,0,131,199,0,0
devel03,40,116,7,1,304,164,30,30
devel03,28,27,1,0,74,50,36,69
devel03,28,27,2,1,330,220,41,38
devel03,28,27,3,1,168,17,40,40
devel03,28,27,4,0,142,69,0,0
devel03,28,27,5,0,245,62,0,0
devel03,28,27,6,0,114,195,0,0
devel03,28,27,7,1,268,148,30,30
devel18,22,65,1,1,149,279,31,32
devel18,22,65,2,0,190,205,41,20
devel18,22,65,3,0,185,160,27,31
devel18,22,65,4,0,163,206,0,0
devel18,22,65,5,0,219,204,0,0
devel18,22,65,6,1,130,262,30,30
devel18,22,65,7,0,254,273,0,0
devel16,37,8,1,1,77,288,31,32
devel16,37,8,2,0,230,43,28,32
devel16,37,8,3,0,135,71,33,40
devel16,37,8,4,0,92,146,0,0
devel16,37,8,5,0,190,129,0,0
devel16,37,8,6,1,56,234,30,30
devel16,37,8,7,1,254,124,30,30
devel08,30,83,1,1,110,239,44,51
devel08,30,83,2,0,259,207,41,42
devel08,30,83,3,0,164,61,29,35
devel08,30,83,4,0,124,134,0,0
devel08,30,83,5,1,199,112,30,30
devel08,30,83,6,1,96,223,30,30
devel08,30,83,7,1,237,195,30,30
devel11,17,138,1,1,85,265,35,40
devel11,17,138,2,0,104,166,47,35
devel11,17,138,3,0,126,90,33,36
devel11,17,138,4,0,105,156,0,0
devel11,17,138,5,0,191,146,0,0
devel11,17,138,6,1,71,226,30,30
devel11,17,138,7,0,223,175,0,0
devel01,4,23,1,0,63,43,32,33
devel01,4,23,2,0,227,88,30,39
devel01,4,23,3,0,187,62,24,33
devel01,4,23,4,0,163,108,0,0
devel01,4,23,5,1,214,100,30,30
devel01,4,23,6,0,111,142,0,0
devel01,4,23,7,0,273,171,0,0
devel01,3,21,1,0,105,40,23,32
devel01,3,21,2,0,260,41,20,39
devel01,3,21,3,0,183,69,23,28
devel01,3,21,4,0,157,116,0,0
devel01,3,21,5,0,223,115,0,0
devel01,3,21,6,0,104,136,0,0
devel01,3,21,7,0,281,146,0,0
devel01,7,25,1,1,27,107,34,32
devel01,7,25,2,0,166,52,30,54
devel01,7,25,3,0,197,56,21,29
devel01,7,25,4,0,164,102,0,0
devel01,7,25,5,0,240,106,0,0
devel01,7,25,6,1,103,112,30,30
devel01,7,25,7,0,214,156,0,0
devel01,7,44,1,1,29,130,34,32
devel01,7,44,2,0,230,151,27,32
devel01,7,44,3,0,195,57,25,32
devel01,7,44,4,0,170,102,0,0
devel01,7,44,5,0,240,109,0,0
devel01,7,44,6,1,102,132,30,30
devel01,7,44,7,1,240,150,30,30
devel01,9,16,1,0,130,227,23,29
devel01,9,16,2,0,96,163,37,29
devel01,9,16,3,0,186,56,25,31
devel01,9,16,4,0,167,112,0,0
devel01,9,16,5,0,234,102,0,0
devel01,9,16,6,1,144,156,30,30
devel01,9,16,7,0,199,150,0,0
devel01,10,23,1,0,128,153,28,33
devel01,10,23,2,0,240,148,30,37
devel01,10,23,3,0,182,56,28,33
devel01,10,23,4,0,159,106,0,0
devel01,10,23,5,0,225,108,0,0
devel01,10,23,6,1,141,146,30,30
devel01,10,23,7,1,214,155,30,30
devel01,12,43,1,1,31,126,28,33
devel01,12,43,2,0,236,161,42,38
devel01,12,43,3,0,195,60,26,30
devel01,12,43,4,0,169,100,0,0
devel01,12,43,5,0,237,114,0,0
devel01,12,43,6,1,95,120,30,30
devel01,12,43,7,1,218,156,30,30
devel01,14,62,1,1,71,18,33,32
devel01,14,62,2,0,212,44,33,48
devel01,14,62,3,0,191,60,26,32
devel01,14,62,4,0,173,96,0,0
devel01,14,62,5,1,222,84,30,30
devel01,14,62,6,1,110,67,30,30
devel01,14,62,7,0,259,137,0,0
devel01,15,30,1,1,51,31,40,40
devel01,15,30,2,0,187,44,38,46
devel01,15,30,3,1,186,56,37,35
devel01,15,30,4,0,170,105,0,0
devel01,15,30,5,1,212,87,30,30
devel01,15,30,6,1,100,92,30,30
devel01,15,30,7,0,256,134,0,0
devel01,16,56,1,0,130,236,19,24
devel01,16,56,2,0,173,92,43,22
devel01,16,56,3,0,185,59,25,27
devel01,16,56,4,0,163,109,0,0
devel01,16,56,5,0,231,108,0,0
devel01,16,56,6,1,137,162,30,30
devel01,16,56,7,0,239,170,0,0
devel01,18,41,1,1,26,131,35,35
devel01,18,41,2,0,182,48,31,53
devel01,18,41,3,1,182,50,40,40
devel01,18,41,4,0,163,100,0,0
devel01,18,41,5,0,234,106,0,0
devel01,18,41,6,1,92,116,30,30
devel01,18,41,7,0,222,159,0,0
devel01,19,57,1,0,42,41,36,36
devel01,19,57,2,0,310,43,39,41
devel01,19,57,3,0,185,54,27,33
devel01,19,57,4,0,160,102,0,0
devel01,19,57,5,0,234,105,0,0
devel01,19,57,6,0,106,130,0,0
devel01,19,57,7,0,282,140,0,0
devel02,1,20,1,0,68,232,25,32
devel02,1,20,2,0,161,48,25,47
devel02,1,20,3,0,135,66,21,32
devel02,1,20,4,0,107,116,0,0
devel02,1,20,5,1,156,98,30,30
devel02,1,20,6,1,78,174,30,30
devel02,1,20,7,0,183,158,0,0
devel02,2,15,1,0,43,95,49,41
devel02,2,15,2,0,152,96,70,42
devel02,2,15,3,0,163,66,25,31
devel02,2,15,4,0,141,109,0,0
devel02,2,15,5,1,183,99,30,30
devel02,2,15,6,1,90,116,30,30
devel02,2,15,7,1,209,117,30,30
devel02,3,19,1,1,33,124,35,35
devel02,3,19,2,0,66,120,55,20
devel02,3,19,3,0,174,79,25,31
devel02,3,19,4,1,135,110,30,30
devel02,3,19,5,0,216,120,0,0
devel02,3,19,6,1,101,127,30,30
devel02,3,19,7,0,171,134,0,0
devel02,5,22,1,0,135,71,27,21
devel02,5,22,2,0,190,64,27,35
devel02,5,22,3,0,167,70,24,29
devel02,5,22,4,0,144,108,0,0
devel02,5,22,5,0,208,110,0,0
devel02,5,22,6,0,97,117,0,0
devel02,5,22,7,0,263,114,0,0
devel02,7,21,1,1,150,46,31,26
devel02,7,21,2,0,164,42,29,28
devel02,7,21,3,0,165,71,26,25
devel02,7,21,4,0,154,108,0,0
devel02,7,21,5,0,200,111,0,0
devel02,7,21,6,0,102,84,0,0
devel02,7,21,7,0,236,103,0,0
devel02,7,43,1,0,145,140,23,17
devel02,7,43,2,0,159,152,27,17
devel02,7,43,3,0,169,73,22,26
devel02,7,43,4,0,147,111,0,0
devel02,7,43,5,0,203,115,0,0
devel02,7,43,6,0,101,155,0,0
devel02,7,43,7,0,226,169,0,0
devel02,8,17,1,1,27,105,31,28
devel02,8,17,2,0,313,124,47,16
devel02,8,17,3,0,178,73,21,26
devel02,8,17,4,0,152,112,0,0
devel02,8,17,5,0,213,113,0,0
devel02,8,17,6,1,84,109,30,30
devel02,8,17,7,1,247,116,30,30
devel02,10,58,1,0,191,154,22,17
devel02,10,58,2,0,147,166,29,21
devel02,10,58,3,0,163,68,25,31
devel02,10,58,4,0,138,115,0,0
devel02,10,58,5,0,202,117,0,0
devel02,10,58,6,0,121,171,0,0
devel02,10,58,7,0,226,176,0,0
devel02,11,62,1,0,106,223,21,29
devel02,11,62,2,0,132,106,26,21
devel02,11,62,3,0,164,70,24,29
devel02,11,62,4,1,126,101,30,30
devel02,11,62,5,0,205,110,0,0
devel02,11,62,6,1,112,170,30,30
devel02,11,62,7,0,193,126,0,0
devel02,12,29,1,0,79,234,21,29
devel02,12,29,2,0,203,42,29,32
devel02,12,29,3,0,137,66,29,33
devel02,12,29,4,0,118,117,0,0
devel02,12,29,5,0,184,111,0,0
devel02,12,29,6,1,91,166,30,30
devel02,12,29,7,0,244,131,0,0
devel02,12,220,1,0,64,215,29,27
devel02,12,220,2,0,134,244,29,32
devel02,12,220,3,0,171,69,25,32
devel02,12,220,4,0,155,118,0,0
devel02,12,220,5,0,213,119,0,0
devel02,12,220,6,1,113,159,30,30
devel02,12,220,7,0,199,194,0,0
devel02,13,120,1,0,45,176,27,26
devel02,13,120,2,0,287,188,32,27
devel02,13,120,3,0,182,70,23,30
devel02,13,120,4,0,158,113,0,0
devel02,13,120,5,0,216,116,0,0
devel02,13,120,6,1,95,144,30,30
devel02,13,120,7,1,231,148,30,30
devel02,14,61,1,1,138,65,27,26
devel02,14,61,2,1,174,72,32,27
devel02,14,61,3,0,161,68,25,30
devel02,14,61,4,0,142,106,0,0
devel02,14,61,5,0,197,108,0,0
devel02,14,61,6,0,84,100,0,0
devel02,14,61,7,0,253,106,0,0
devel02,15,44,1,0,52,125,44,26
devel02,15,44,2,0,220,117,51,32
devel02,15,44,3,0,173,78,23,24
devel02,15,44,4,0,148,117,0,0
devel02,15,44,5,0,208,121,0,0
devel02,15,44,6,1,97,134,30,30
devel02,15,44,7,1,216,137,30,30
devel02,16,57,1,0,126,232,25,27
devel02,16,57,2,0,233,237,25,28
devel02,16,57,3,0,175,72,23,31
devel02,16,57,4,0,163,122,0,0
devel02,16,57,5,0,222,116,0,0
devel02,16,57,6,1,137,174,30,30
devel02,16,57,7,1,225,172,30,30
devel03,1,15,1,0,68,138,39,72
devel03,1,15,2,1,334,209,39,37
devel03,1,15,3,1,172,26,40,40
devel03,1,15,4,0,143,72,0,0
devel03,1,15,5,0,255,72,0,0
devel03,1,15,6,1,90,119,30,30
devel03,1,15,7,1,271,152,30,30
devel03,2,27,1,0,155,133,38,43
devel03,2,27,2,0,195,135,39,41
devel03,2,27,3,1,169,23,40,40
devel03,2,27,4,0,141,77,0,0
devel03,2,27,5,0,252,67,0,0
devel03,2,27,6,1,99,157,30,30
devel03,2,27,7,1,274,146,30,30
devel03,4,27,1,0,96,137,28,76
devel03,4,27,2,0,127,146,36,67
devel03,4,27,3,1,165,22,40,40
devel03,4,27,4,0,140,68,0,0
devel03,4,27,5,0,242,60,0,0
devel03,4,27,6,0,59,140,0,0
devel03,4,27,7,0,253,183,0,0
devel03,5,9,1,0,71,146,50,55
devel03,5,9,2,1,328,217,46,40
devel03,5,9,3,1,171,22,40,40
devel03,5,9,4,0,144,77,0,0
devel03,5,9,5,0,250,67,0,0
devel03,5,9,6,1,102,154,30,30
devel03,5,9,7,1,276,156,30,30
devel03,7,14,1,0,140,82,50,61
devel03,7,14,2,0,199,89,39,55
devel03,7,14,3,1,171,23,40,40
devel03,7,14,4,0,142,72,0,0
devel03,7,14,5,0,249,66,0,0
devel03,7,14,6,0,94,184,0,0
devel03,7,14,7,0,313,175,0,0
devel03,13,85,1,0,88,205,45,43
devel03,13,85,2,0,236,226,50,50
devel03,13,85,3,1,164,23,40,40
devel03,13,85,4,0,141,72,0,0
devel03,13,85,5,0,243,61,0,0
devel03,13,85,6,1,110,159,30,30
devel03,13,85,7,1,278,144,30,30
devel03,16,143,1,0,150,136,40,43
devel03,16,143,2,0,189,140,45,41
devel03,16,143,3,1,174,38,40,40
devel03,16,143,4,0,143,68,0,0
devel03,16,143,5,0,250,65,0,0
devel03,16,143,6,0,98,173,0,0
devel03,16,143,7,0,302,169,0,0
devel04,1,25,1,0,100,236,26,29
devel04,1,25,2,0,267,58,61,56
devel04,1,25,3,0,155,85,24,29
devel04,1,25,4,0,134,132,0,0
devel04,1,25,5,0,194,123,0,0
devel04,1,25,6,1,107,174,30,30
devel04,1,25,7,1,215,108,30,30
devel04,2,25,1,0,99,240,25,34
devel04,2,25,2,0,259,138,21,33
devel04,2,25,3,0,155,86,22,29
devel04,2,25,4,0,124,129,0,0
devel04,2,25,5,0,188,133,0,0
devel04,2,25,6,1,95,184,30,30
devel04,2,25,7,0,221,185,0,0
devel04,4,15,1,0,107,245,23,34
devel04,4,15,2,0,232,168,33,20
devel04,4,15,3,0,153,86,23,30
devel04,4,15,4,0,128,129,0,0
devel04,4,15,5,0,191,132,0,0
devel04,4,15,6,1,101,184,30,30
devel04,4,15,7,1,204,155,30,30
devel04,5,28,1,0,140,242,27,39
devel04,5,28,2,0,176,241,27,37
devel04,5,28,3,0,155,88,21,30
devel04,5,28,4,0,134,128,0,0
devel04,5,28,5,0,193,130,0,0
devel04,5,28,6,1,123,193,30,30
devel04,5,28,7,1,183,190,30,30
devel04,6,22,1,0,177,167,38,24
devel04,6,22,2,0,112,153,38,18
devel04,6,22,3,0,150,89,25,28
devel04,6,22,4,0,129,118,0,0
devel04,6,22,5,0,192,121,0,0
devel04,6,22,6,0,126,186,0,0
devel04,6,22,7,1,185,162,30,30
devel04,7,25,1,0,103,243,20,36
devel04,7,25,2,0,275,83,38,29
devel04,7,25,3,0,141,85,25,30
devel04,7,25,4,0,117,132,0,0
devel04,7,25,5,0,185,126,0,0
devel04,7,25,6,1,93,185,30,30
devel04,7,25,7,0,239,143,0,0
devel04,9,30,1,0,107,243,20,36
devel04,9,30,2,0,214,183,27,28
devel04,9,30,3,0,155,87,21,26
devel04,9,30,4,0,127,132,0,0
devel04,9,30,5,0,190,130,0,0
devel04,9,30,6,1,98,184,30,30
devel04,9,30,7,1,205,163,30,30
devel04,12,18,1,0,112,243,20,36
devel04,12,18,2,0,160,158,27,28
devel04,12,18,3,0,155,88,20,27
devel04,12,18,4,0,127,131,0,0
devel04,12,18,5,0,190,131,0,0
devel04,12,18,6,1,101,185,30,30
devel04,12,18,7,0,227,195,0,0
devel04,13,15,1,0,141,208,35,25
devel04,13,15,2,0,147,169,29,23
devel04,13,15,3,0,156,86,19,27
devel04,13,15,4,0,129,124,0,0
devel04,13,15,5,0,191,127,0,0
devel04,13,15,6,1,102,171,30,30
devel04,13,15,7,0,211,192,0,0
devel04,13,59,1,0,104,239,20,32
devel04,13,59,2,0,192,86,29,23
devel04,13,59,3,0,157,89,23,26
devel04,13,59,4,0,129,129,0,0
devel04,13,59,5,0,193,126,0,0
devel04,13,59,6,1,98,177,30,30
devel04,13,59,7,0,245,143,0,0
devel04,15,24,1,0,129,201,26,28
devel04,15,24,2,0,255,80,57,46
devel04,15,24,3,0,159,85,25,27
devel04,15,24,4,0,138,126,0,0
devel04,15,24,5,0,200,122,0,0
devel04,15,24,6,1,111,173,30,30
devel04,15,24,7,1,222,122,30,30
devel04,15,47,1,0,63,230,38,28
devel04,15,47,2,0,230,214,29,40
devel04,15,47,3,0,159,86,23,28
devel04,15,47,4,0,136,123,0,0
devel04,15,47,5,0,198,123,0,0
devel04,15,47,6,1,96,161,30,30
devel04,15,47,7,1,209,157,30,30
devel04,15,78,1,0,105,235,26,34
devel04,15,78,2,0,220,179,22,30
devel04,15,78,3,0,160,85,23,26
devel04,15,78,4,0,137,128,0,0
devel04,15,78,5,0,197,127,0,0
devel04,15,78,6,1,106,185,30,30
devel04,15,78,7,1,215,165,30,30
devel04,19,25,1,0,114,240,23,29
devel04,19,25,2,0,215,234,18,35
devel04,19,25,3,0,160,85,23,24
devel04,19,25,4,0,137,126,0,0
devel04,19,25,5,0,200,129,0,0
devel04,19,25,6,1,109,180,30,30
devel04,19,25,7,1,210,176,30,30
devel04,20,87,1,0,110,235,23,29
devel04,20,87,2,0,204,92,31,32
devel04,20,87,3,0,159,85,24,25
devel04,20,87,4,0,136,126,0,0
devel04,20,87,5,0,196,127,0,0
devel04,20,87,6,1,108,184,30,30
devel04,20,87,7,0,236,177,0,0
devel04,20,106,1,0,110,239,23,29
devel04,20,106,2,0,200,201,24,31
devel04,20,106,3,0,160,85,19,27
devel04,20,106,4,0,134,126,0,0
devel04,20,106,5,0,197,128,0,0
devel04,20,106,6,1,106,181,30,30
devel04,20,106,7,1,209,168,30,30
devel05,1,28,1,0,147,151,45,58
devel05,1,28,2,0,194,166,52,40
devel05,1,28,3,0,175,65,37,44
devel05,1,28,4,0,149,122,0,0
devel05,1,28,5,0,241,121,0,0
devel05,1,28,6,0,91,205,0,0
devel05,1,28,7,0,311,209,0,0
devel05,1,42,1,0,126,168,47,41
devel05,1,42,2,0,209,178,52,30
devel05,1,42,3,0,175,65,40,40
devel05,1,42,4,0,147,124,0,0
devel05,1,42,5,0,241,120,0,0
devel05,1,42,6,0,88,208,0,0
devel05,1,42,7,0,326,197,0,0
devel05,2,19,1,0,109,104,38,42
devel05,2,19,2,0,211,88,57,52
devel05,2,19,3,0,173,68,40,40
devel05,2,19,4,0,153,124,0,0
devel05,2,19,5,1,229,109,30,30
devel05,2,19,6,0,79,200,0,0
devel05,2,19,7,0,319,195,0,0
devel05,2,38,1,1,109,189,38,42
devel05,2,38,2,0,101,190,52,39
devel05,2,38,3,0,171,65,40,40
devel05,2,38,4,0,146,128,0,0
devel05,2,38,5,0,245,120,0,0
devel05,2,38,6,1,118,210,30,30
devel05,2,38,7,0,254,212,0,0
devel05,2,48,1,1,124,192,38,42
devel05,2,48,2,0,82,192,47,44
devel05,2,48,3,0,168,64,40,40
devel05,2,48,4,0,148,127,0,0
devel05,2,48,5,0,242,121,0,0
devel05,2,48,6,1,121,215,30,30
devel05,2,48,7,0,217,208,0,0
devel05,3,12,1,0,55,180,60,29
devel05,3,12,2,0,276,206,76,31
devel05,3,12,3,0,173,62,40,40
devel05,3,12,4,0,147,130,0,0
devel05,3,12,5,0,246,125,0,0
devel05,3,12,6,1,93,209,30,30
devel05,3,12,7,1,268,190,30,30
devel05,4,26,1,0,143,218,60,44
devel05,4,26,2,0,203,216,44,46
devel05,4,26,3,0,175,66,40,40
devel05,4,26,4,0,149,125,0,0
devel05,4,26,5,0,248,119,0,0
devel05,4,26,6,1,108,189,30,30
devel05,4,26,7,1,274,180,30,30
devel05,5,14,1,0,110,51,45,44
devel05,5,14,2,0,230,239,44,39
devel05,5,14,3,0,176,60,40,40
devel05,5,14,4,0,150,117,0,0
devel05,5,14,5,0,244,124,0,0
devel05,5,14,6,0,72,165,0,0
devel05,5,14,7,1,274,200,30,30
devel05,5,63,1,0,119,194,45,44
devel05,5,63,2,0,284,145,44,39
devel05,5,63,3,0,171,65,40,40
devel05,5,63,4,0,148,127,0,0
devel05,5,63,5,0,235,119,0,0
devel05,5,63,6,1,101,199,30,30
devel05,5,63,7,1,280,173,30,30
devel05,6,26,1,0,114,153,55,50
devel05,6,26,2,0,243,127,44,61
devel05,6,26,3,0,170,67,40,40
devel05,6,26,4,0,151,127,0,0
devel05,6,26,5,0,237,119,0,0
devel05,6,26,6,0,105,231,0,0
devel05,6,26,7,0,319,194,0,0
devel05,7,30,1,0,64,100,45,41
devel05,7,30,2,0,198,184,53,49
devel05,7,30,3,0,175,65,40,40
devel05,7,30,4,0,150,116,0,0
devel05,7,30,5,0,238,123,0,0
devel05,7,30,6,1,84,117,30,30
devel05,7,30,7,0,293,222,0,0
devel05,8,32,1,0,217,164,65,26
devel05,8,32,2,1,246,153,52,41
devel05,8,32,3,0,179,60,40,40
devel05,8,32,4,0,155,124,0,0
devel05,8,32,5,0,243,122,0,0
devel05,8,32,6,0,138,218,0,0
devel05,8,32,7,0,282,228,0,0
devel05,10,25,1,0,109,218,42,57
devel05,10,25,2,0,232,232,47,45
devel05,10,25,3,0,175,68,40,40
devel05,10,25,4,0,145,131,0,0
devel05,10,25,5,0,244,124,0,0
devel05,10,25,6,1,104,202,30,30
devel05,10,25,7,1,265,195,30,30
devel06,1,19,1,1,92,283,36,35
devel06,1,19,2,0,215,104,35,39
devel06,1,19,3,0,142,65,34,40
devel06,1,19,4,0,113,127,0,0
devel06,1,19,5,0,193,126,0,0
devel06,1,19,6,1,77,211,30,30
devel06,1,19,7,0,225,240,0,0
devel06,3,5,1,1,121,277,36,35
devel06,3,5,2,0,220,178,37,32
devel06,3,5,3,0,141,64,36,40
devel06,3,5,4,0,116,125,0,0
devel06,3,5,5,0,194,126,0,0
devel06,3,5,6,1,83,223,30,30
devel06,3,5,7,0,241,226,0,0
devel06,3,31,1,1,131,279,36,35
devel06,3,31,2,0,242,91,42,32
devel06,3,31,3,0,145,67,29,35
devel06,3,31,4,0,118,126,0,0
devel06,3,31,5,0,205,124,0,0
devel06,3,31,6,1,82,222,30,30
devel06,3,31,7,0,276,195,0,0
devel06,4,8,1,1,126,279,36,35
devel06,4,8,2,0,199,100,38,51
devel06,4,8,3,0,143,65,28,34
devel06,4,8,4,0,117,128,0,0
devel06,4,8,5,0,196,120,0,0
devel06,4,8,6,1,82,225,30,30
devel06,4,8,7,0,279,190,0,0
devel06,5,19,1,0,166,144,31,31
devel06,5,19,2,0,196,146,23,30
devel06,5,19,3,0,155,67,27,34
devel06,5,19,4,0,124,121,0,0
devel06,5,19,5,0,202,122,0,0
devel06,5,19,6,0,119,241,0,0
devel06,5,19,7,0,222,239,0,0
devel06,6,13,1,1,89,290,31,31
devel06,6,13,2,0,213,126,46,37
devel06,6,13,3,0,142,64,30,36
devel06,6,13,4,0,116,130,0,0
devel06,6,13,5,0,195,123,0,0
devel06,6,13,6,1,73,233,30,30
devel06,6,13,7,0,276,189,0,0
devel06,6,9,1,1,89,290,31,31
devel06,6,9,2,0,220,187,43,49
devel06,6,9,3,0,142,64,35,40
devel06,6,9,4,0,116,129,0,0
devel06,6,9,5,0,197,126,0,0
devel06,6,9,6,1,73,233,30,30
devel06,6,9,7,1,223,188,30,30
devel06,7,19,1,0,146,164,42,32
devel06,7,19,2,1,137,144,45,37
devel06,7,19,3,0,151,61,30,40
devel06,7,19,4,0,121,126,0,0
devel06,7,19,5,0,203,125,0,0
devel06,7,19,6,0,77,228,0,0
devel06,7,19,7,0,247,222,0,0
devel06,7,25,1,0,76,176,37,29
devel06,7,25,2,0,215,176,35,32
devel06,7,25,3,0,149,67,30,35
devel06,7,25,4,0,119,127,0,0
devel06,7,25,5,0,201,127,0,0
devel06,7,25,6,0,63,227,0,0
devel06,7,25,7,0,264,215,0,0
devel06,8,12,1,1,61,280,40,38
devel06,8,12,2,0,246,90,44,49
devel06,8,12,3,0,125,65,32,40
devel06,8,12,4,0,104,138,0,0
devel06,8,12,5,0,188,110,0,0
devel06,8,12,6,1,77,222,30,30
devel06,8,12,7,1,233,99,30,30
devel06,9,25,1,0,140,146,30,30
devel06,9,25,2,0,171,144,27,33
devel06,9,25,3,0,152,65,28,37
devel06,9,25,4,0,119,124,0,0
devel06,9,25,5,0,201,122,0,0
devel06,9,25,6,0,94,234,0,0
devel06,9,25,7,0,229,231,0,0
devel06,10,42,1,1,69,291,30,30
devel06,10,42,2,0,210,195,36,32
devel06,10,42,3,0,135,65,35,43
devel06,10,42,4,0,109,137,0,0
devel06,10,42,5,0,195,126,0,0
devel06,10,42,6,1,82,222,30,30
devel06,10,42,7,1,211,192,30,30
devel07,1,18,1,0,192,85,27,25
devel07,1,18,2,0,162,90,30,21
devel07,1,18,3,1,163,90,33,30
devel07,1,18,4,1,145,124,30,30
devel07,1,18,5,1,192,123,30,30
devel07,1,18,6,0,144,136,0,0
devel07,1,18,7,0,227,143,0,0
devel07,2,40,1,0,149,228,27,25
devel07,2,40,2,0,197,239,28,27
devel07,2,40,3,0,167,95,20,22
devel07,2,40,4,0,146,142,0,0
devel07,2,40,5,0,202,141,0,0
devel07,2,40,6,1,120,185,30,30
devel07,2,40,7,1,204,187,30,30
devel07,3,25,1,1,135,70,27,25
devel07,3,25,2,0,141,72,24,21
devel07,3,25,3,0,165,91,22,26
devel07,3,25,4,0,157,136,0,0
devel07,3,25,5,0,195,125,0,0
devel07,3,25,6,0,102,119,0,0
devel07,3,25,7,0,221,84,0,0
devel07,3,35,1,0,95,98,23,31
devel07,3,35,2,0,209,92,29,22
devel07,3,35,3,0,163,94,20,25
devel07,3,35,4,0,147,141,0,0
devel07,3,35,5,0,192,137,0,0
devel07,3,35,6,0,103,185,0,0
devel07,3,35,7,0,252,155,0,0
devel07,4,11,1,0,120,257,23,24
devel07,4,11,2,0,234,82,22,43
devel07,4,11,3,0,165,96,22,25
devel07,4,11,4,0,151,139,0,0
devel07,4,11,5,0,195,139,0,0
devel07,4,11,6,1,115,194,30,30
devel07,4,11,7,0,251,170,0,0
devel07,5,18,1,0,164,133,20,30
devel07,5,18,2,0,147,121,50,14
devel07,5,18,3,0,166,97,18,23
devel07,5,18,4,0,148,141,0,0
devel07,5,18,5,1,185,119,30,30
devel07,5,18,6,0,132,207,0,0
devel07,5,18,7,0,244,155,0,0
devel07,6,8,1,0,104,188,20,33
devel07,6,8,2,0,226,175,26,38
devel07,6,8,3,0,167,95,19,25
devel07,6,8,4,0,148,143,0,0
devel07,6,8,5,0,200,144,0,0
devel07,6,8,6,1,116,186,30,30
devel07,6,8,7,1,203,185,30,30
devel07,8,26,1,0,90,60,25,31
devel07,8,26,2,0,220,71,25,28
devel07,8,26,3,0,166,93,20,26
devel07,8,26,4,0,144,135,0,0
devel07,8,26,5,0,198,139,0,0
devel07,8,26,6,0,89,144,0,0
devel07,8,26,7,0,258,147,0,0
devel07,8,37,1,0,97,242,25,31
devel07,8,37,2,0,235,241,25,28
devel07,8,37,3,0,165,96,19,24
devel07,8,37,4,0,144,141,0,0
devel07,8,37,5,0,198,142,0,0
devel07,8,37,6,1,106,196,30,30
devel07,8,37,7,1,210,188,30,30
devel07,9,12,1,0,119,188,25,31
devel07,9,12,2,0,206,184,28,28
devel07,9,12,3,0,165,95,21,25
devel07,9,12,4,0,142,145,0,0
devel07,9,12,5,0,200,144,0,0
devel07,9,12,6,1,114,186,30,30
devel07,9,12,7,1,205,178,30,30
devel07,9,28,1,0,127,78,29,32
devel07,9,28,2,0,199,90,27,31
devel07,9,28,3,0,165,93,19,24
devel07,9,28,4,1,135,126,30,30
devel07,9,28,5,1,186,125,30,30
devel07,9,28,6,0,134,170,0,0
devel07,9,28,7,0,215,174,0,0
devel07,10,65,1,0,164,123,34,26
devel07,10,65,2,0,164,165,27,21
devel07,10,65,3,0,165,94,22,24
devel07,10,65,4,1,133,126,30,30
devel07,10,65,5,0,205,140,0,0
devel07,10,65,6,0,114,161,0,0
devel07,10,65,7,0,240,177,0,0
devel07,10,73,1,0,166,148,29,22
devel07,10,73,2,1,169,146,27,21
devel07,10,73,3,0,166,97,19,23
devel07,10,73,4,0,144,139,0,0
devel07,10,73,5,0,199,141,0,0
devel07,10,73,6,0,115,170,0,0
devel07,10,73,7,0,236,175,0,0
devel08,1,27,1,0,116,173,49,43
devel08,1,27,2,1,144,175,47,40
devel08,1,27,3,0,169,67,30,35
devel08,1,27,4,0,133,138,0,0
devel08,1,27,5,0,231,142,0,0
devel08,1,27,6,0,80,254,0,0
devel08,1,27,7,0,270,255,0,0
devel08,2,13,1,0,43,174,73,33
devel08,2,13,2,0,237,145,75,32
devel08,2,13,3,0,164,63,32,39
devel08,2,13,4,0,131,140,0,0
devel08,2,13,5,1,204,124,30,30
devel08,2,13,6,0,87,256,0,0
devel08,2,13,7,0,282,245,0,0
devel08,2,26,1,0,133,181,67,28
devel08,2,26,2,0,163,84,40,36
devel08,2,26,3,1,161,61,40,40
devel08,2,26,4,0,130,140,0,0
devel08,2,26,5,1,204,120,30,30
devel08,2,26,6,0,102,262,0,0
devel08,2,26,7,0,283,180,0,0
devel08,3,24,1,1,138,282,39,36
devel08,3,24,2,0,190,100,36,41
devel08,3,24,3,0,166,66,26,37
devel08,3,24,4,0,124,145,0,0
devel08,3,24,5,1,206,123,30,30
devel08,3,24,6,1,98,230,30,30
devel08,3,24,7,0,260,242,0,0
devel08,3,32,1,1,142,282,39,36
devel08,3,32,2,1,178,247,47,51
devel08,3,32,3,0,157,70,27,35
devel08,3,32,4,0,125,143,0,0
devel08,3,32,5,0,220,129,0,0
devel08,3,32,6,1,96,225,30,30
devel08,3,32,7,1,254,223,30,30
devel08,4,23,1,1,142,282,39,36
devel08,4,23,2,0,208,53,52,39
devel08,4,23,3,0,167,63,28,35
devel08,4,23,4,0,132,139,0,0
devel08,4,23,5,0,227,125,0,0
devel08,4,23,6,1,97,231,30,30
devel08,4,23,7,0,296,156,0,0
devel08,5,35,1,0,144,206,55,34
devel08,5,35,2,0,94,151,44,49
devel08,5,35,3,0,157,64,33,39
devel08,5,35,4,0,122,141,0,0
devel08,5,35,5,0,219,136,0,0
devel08,5,35,6,0,123,269,0,0
devel08,5,35,7,0,228,197,0,0
devel08,6,14,1,0,119,53,64,75
devel08,6,14,2,0,186,52,72,75
devel08,6,14,3,1,155,59,49,50
devel08,6,14,4,1,118,125,30,30
devel08,6,14,5,1,214,121,30,30
devel08,6,14,6,0,93,206,0,0
devel08,6,14,7,0,267,202,0,0
devel08,7,21,1,1,27,204,37,38
devel08,7,21,2,0,229,54,44,46
devel08,7,21,3,0,163,70,29,33
devel08,7,21,4,0,131,138,0,0
devel08,7,21,5,0,225,130,0,0
devel08,7,21,6,1,76,188,30,30
devel08,7,21,7,0,310,182,0,0
devel08,8,35,1,0,136,182,56,29
devel08,8,35,2,0,184,122,44,33
devel08,8,35,3,0,164,68,33,37
devel08,8,35,4,0,132,137,0,0
devel08,8,35,5,1,213,121,30,30
devel08,8,35,6,0,114,260,0,0
devel08,8,35,7,0,297,198,0,0
devel08,9,19,1,0,144,190,56,25
devel08,9,19,2,0,161,159,44,38
devel08,9,19,3,0,157,68,34,40
devel08,9,19,4,0,126,141,0,0
devel08,9,19,5,0,222,136,0,0
devel08,9,19,6,0,126,268,0,0
devel08,9,19,7,0,295,194,0,0
devel08,11,21,1,1,144,171,41,49
devel08,11,21,2,0,146,169,39,59
devel08,11,21,3,0,172,70,28,35
devel08,11,21,4,0,138,138,0,0
devel08,11,21,5,0,232,136,0,0
devel08,11,21,6,0,122,262,0,0
devel08,11,21,7,1,215,235,30,30
devel09,1,36,1,0,193,202,31,18
devel09,1,36,2,0,214,186,26,24
devel09,1,36,3,0,206,95,19,27
devel09,1,36,4,0,185,138,0,0
devel09,1,36,5,0,242,136,0,0
devel09,1,36,6,1,156,173,30,30
devel09,1,36,7,1,247,175,30,30
devel09,2,37,1,0,160,232,21,31
devel09,2,37,2,0,273,170,26,24
devel09,2,37,3,0,203,95,24,25
devel09,2,37,4,0,185,137,0,0
devel09,2,37,5,0,242,134,0,0
devel09,2,37,6,1,157,185,30,30
devel09,2,37,7,1,255,159,30,30
devel09,3,39,1,0,159,168,26,29
devel09,3,39,2,0,252,170,26,24
devel09,3,39,3,0,208,94,20,27
devel09,3,39,4,0,188,136,0,0
devel09,3,39,5,0,241,136,0,0
devel09,3,39,6,1,148,169,30,30
devel09,3,39,7,1,261,170,30,30
devel09,3,26,1,0,171,93,26,38
devel09,3,26,2,0,243,91,26,36
devel09,3,26,3,0,209,95,21,27
devel09,3,26,4,0,196,134,0,0
devel09,3,26,5,0,236,134,0,0
devel09,3,26,6,0,176,171,0,0
devel09,3,26,7,0,254,172,0,0
devel09,5,9,1,0,177,127,28,24
devel09,5,9,2,0,238,148,28,26
devel09,5,9,3,0,205,96,22,26
devel09,5,9,4,1,176,125,30,30
devel09,5,9,5,0,237,134,0,0
devel09,5,9,6,0,157,179,0,0
devel09,5,9,7,0,282,170,0,0
devel09,5,21,1,0,192,68,30,16
devel09,5,21,2,0,205,55,23,20
devel09,5,21,3,0,207,94,20,26
devel09,5,21,4,0,198,125,0,0
devel09,5,21,5,0,236,124,0,0
devel09,5,21,6,0,157,100,0,0
devel09,5,21,7,0,269,94,0,0
devel09,6,18,1,0,231,102,26,27
devel09,6,18,2,0,179,99,32,28
devel09,6,18,3,0,210,96,21,25
devel09,6,18,4,1,178,114,30,30
devel09,6,18,5,1,225,113,30,30
devel09,6,18,6,0,205,160,0,0
devel09,6,18,7,0,235,158,0,0
devel09,7,17,1,0,167,146,23,34
devel09,7,17,2,0,257,147,24,36
devel09,7,17,3,0,211,93,19,26
devel09,7,17,4,0,188,137,0,0
devel09,7,17,5,0,246,138,0,0
devel09,7,17,6,1,161,170,30,30
devel09,7,17,7,1,251,171,30,30
devel09,7,35,1,0,163,224,20,31
devel09,7,35,2,0,258,225,24,34
devel09,7,35,3,0,208,93,21,26
devel09,7,35,4,0,190,135,0,0
devel09,7,35,5,0,242,135,0,0
devel09,7,35,6,1,158,185,30,30
devel09,7,35,7,1,251,183,30,30
devel09,9,41,1,0,156,160,20,27
devel09,9,41,2,0,264,170,24,24
devel09,9,41,3,0,205,92,23,30
devel09,9,41,4,0,192,133,0,0
devel09,9,41,5,0,240,133,0,0
devel09,9,41,6,1,149,163,30,30
devel09,9,41,7,1,258,168,30,30
devel09,11,59,1,0,197,170,32,21
devel09,11,59,2,0,206,135,24,19
devel09,11,59,3,0,207,92,20,28
devel09,11,59,4,0,192,131,0,0
devel09,11,59,5,0,242,132,0,0
devel09,11,59,6,0,162,177,0,0
devel09,11,59,7,0,271,176,0,0
devel09,12,13,1,0,207,163,28,21
devel09,12,13,2,1,215,162,24,19
devel09,12,13,3,0,211,93,20,25
devel09,12,13,4,0,191,135,0,0
devel09,12,13,5,0,245,136,0,0
devel09,12,13,6,0,176,185,0,0
devel09,12,13,7,0,277,186,0,0
devel10,1,20,1,1,108,285,38,35
devel10,1,20,2,0,231,89,45,34
devel10,1,20,3,0,52,40,40,40
devel10,1,20,4,1,1,87,30,30
devel10,1,20,5,0,110,100,0,0
devel10,1,20,6,1,15,254,30,30
devel10,1,20,7,1,171,142,30,30
devel10,2,47,4,1,1,87,30,30
devel10,2,47,6,1,15,254,30,30
devel10,2,47,5,0,110,100,0,0
devel10,2,47,7,1,139,190,30,30
devel10,2,47,1,1,108,285,38,35
devel10,2,47,2,0,167,218,45,39
devel10,2,47,3,0,51,40,40,37
devel10,4,47,4,1,1,87,30,30
devel10,4,47,6,1,15,254,30,30
devel10,4,47,5,0,110,100,0,0
devel10,4,47,7,1,139,173,30,30
devel10,4,47,1,1,108,285,38,35
devel10,4,47,2,0,182,157,31,33
devel10,4,47,3,0,53,40,40,40
devel10,5,18,4,1,1,87,30,30
devel10,5,18,6,1,15,254,30,30
devel10,5,18,5,0,110,100,0,0
devel10,5,18,7,1,162,154,30,30
devel10,5,18,1,1,108,285,38,35
devel10,5,18,2,0,220,100,56,40
devel10,5,18,3,0,48,38,40,40
devel10,6,6,4,1,3,86,30,30
devel10,6,6,6,1,15,254,30,30
devel10,6,6,5,0,110,100,0,0
devel10,6,6,7,1,143,162,30,30
devel10,6,6,1,1,108,285,38,35
devel10,6,6,2,0,186,214,36,44
devel10,6,6,3,0,52,40,40,40
devel10,6,28,4,1,3,86,30,30
devel10,6,28,6,1,15,254,30,30
devel10,6,28,5,0,110,100,0,0
devel10,6,28,7,1,178,103,30,30
devel10,6,28,1,1,108,285,38,35
devel10,6,28,2,0,243,91,49,31
devel10,6,28,3,0,53,41,40,40
devel10,10,45,4,1,3,86,30,30
devel10,10,45,6,1,15,254,30,30
devel10,10,45,5,0,110,100,0,0
devel10,10,45,7,1,163,163,30,30
devel10,10,45,1,1,108,285,38,35
devel10,10,45,2,0,218,129,35,37
devel10,10,45,3,0,54,41,40,40
devel11,1,35,1,1,91,275,38,35
devel11,1,35,2,0,124,117,52,48
devel11,1,35,3,0,127,89,37,40
devel11,1,35,4,0,111,150,0,0
devel11,1,35,5,0,182,147,0,0
devel11,1,35,6,1,73,220,30,30
devel11,1,35,7,0,208,232,0,0
devel11,3,17,4,0,111,150,0,0
devel11,3,17,6,1,73,220,30,30
devel11,3,17,5,0,182,147,0,0
devel11,3,17,7,0,217,261,0,0
devel11,3,17,1,1,91,275,38,35
devel11,3,17,2,0,134,237,41,43
devel11,3,17,3,0,125,94,34,40
devel11,3,38,4,0,111,150,0,0
devel11,3,38,6,1,73,220,30,30
devel11,3,38,5,1,171,134,30,30
devel11,3,38,7,0,194,223,0,0
devel11,3,38,1,1,91,275,38,35
devel11,3,38,2,0,113,125,41,31
devel11,3,38,3,0,125,90,35,37
devel11,6,37,4,0,101,157,0,0
devel11,6,37,6,1,71,225,30,30
devel11,6,37,5,1,164,126,30,30
devel11,6,37,7,0,210,146,0,0
devel11,6,37,1,1,91,275,38,35
devel11,6,37,2,0,94,162,50,57
devel11,6,37,3,0,116,90,35,40
devel11,9,57,4,0,112,154,0,0
devel11,9,57,6,1,71,225,30,30
devel11,9,57,5,0,184,148,0,0
devel11,9,57,7,0,193,248,0,0
devel11,9,57,1,1,91,275,38,35
devel11,9,57,2,0,131,120,37,53
devel11,9,57,3,0,130,90,29,38
devel11,9,82,4,0,112,154,0,0
devel11,9,82,6,1,71,225,30,30
devel11,9,82,5,0,182,151,0,0
devel11,9,82,7,0,220,262,0,0
devel11,9,82,1,1,91,275,38,35
devel11,9,82,2,0,141,240,32,32
devel11,9,82,3,0,127,91,33,40
devel12,1,27,1,1,95,286,38,35
devel12,1,27,2,0,161,148,64,28
devel12,1,27,3,0,139,91,29,35
devel12,1,27,4,0,118,156,0,0
devel12,1,27,5,0,200,140,0,0
devel12,1,27,6,1,92,232,30,30
devel12,1,27,7,1,269,155,30,30
devel12,2,23,1,0,110,178,36,70
devel12,2,23,2,0,148,176,37,73
devel12,2,23,3,0,148,87,31,34
devel12,2,23,4,0,122,135,0,0
devel12,2,23,5,0,211,134,0,0
devel12,2,23,6,0,45,184,0,0
devel12,2,23,7,0,275,178,0,0
devel12,3,17,1,1,117,281,41,39
devel12,3,17,2,0,151,122,62,90
devel12,3,17,3,0,145,80,32,39
devel12,3,17,4,0,121,153,0,0
devel12,3,17,5,1,193,126,30,30
devel12,3,17,6,1,93,241,30,30
devel12,3,17,7,0,279,146,0,0
devel12,3,31,1,1,117,281,41,39
devel12,3,31,2,1,165,243,50,51
devel12,3,31,3,0,143,85,30,37
devel12,3,31,4,0,122,153,0,0
devel12,3,31,5,0,208,142,0,0
devel12,3,31,6,1,93,235,30,30
devel12,3,31,7,0,285,223,0,0
devel12,4,19,4,0,122,153,0,0
devel12,4,19,6,1,93,235,30,30
devel12,4,19,5,1,203,137,30,30
devel12,4,19,7,0,255,242,0,0
devel12,4,19,1,1,117,281,41,39
devel12,4,19,2,0,184,88,37,61
devel12,4,19,3,0,152,87,28,38
devel12,5,33,4,0,122,153,0,0
devel12,5,33,6,1,93,235,30,30
devel12,5,33,5,0,214,150,0,0
devel12,5,33,7,1,219,254,30,30
devel12,5,33,1,1,117,281,41,39
devel12,5,33,2,0,146,231,42,47
devel12,5,33,3,0,149,84,27,38
devel12,7,23,4,0,135,148,0,0
devel12,7,23,6,1,101,240,30,30
devel12,7,23,5,0,226,159,0,0
devel12,7,23,7,0,204,274,0,0
devel12,7,23,1,1,124,280,41,39
devel12,7,23,2,0,177,120,37,43
devel12,7,23,3,0,170,98,33,40
devel12,8,19,1,0,140,150,16,79
devel12,8,19,2,0,157,153,19,79
devel12,8,19,3,0,153,91,24,36
devel12,8,19,4,0,121,156,0,0
devel12,8,19,5,0,216,156,0,0
devel12,8,19,6,0,112,275,0,0
devel12,8,19,7,1,205,265,30,30
devel12,10,25,1,1,100,279,43,40
devel12,10,25,2,0,140,187,59,54
devel12,10,25,3,0,152,89,27,37
devel12,10,25,4,0,125,152,0,0
devel12,10,25,5,0,213,154,0,0
devel12,10,25,6,1,96,241,30,30
devel12,10,25,7,1,213,265,30,30
devel12,11,18,1,0,95,138,34,62
devel12,11,18,2,0,169,135,42,71
devel12,11,18,3,0,152,90,28,35
devel12,11,18,4,0,131,151,0,0
devel12,11,18,5,0,213,153,0,0
devel12,11,18,6,0,107,270,0,0
devel12,11,18,7,0,207,278,0,0
devel12,12,65,1,1,96,279,39,41
devel12,12,65,2,0,181,111,46,46
devel12,12,65,3,0,155,85,27,38
devel12,12,65,4,0,124,153,0,0
devel12,12,65,5,1,200,130,30,30
devel12,12,65,6,1,94,232,30,30
devel12,12,65,7,0,267,254,0,0
devel12,14,76,1,1,97,273,39,41
devel12,14,76,2,0,179,202,42,66
devel12,14,76,3,0,145,87,32,39
devel12,14,76,4,0,125,154,0,0
devel12,14,76,5,0,210,141,0,0
devel12,14,76,6,1,97,215,30,30
devel12,14,76,7,1,275,174,30,30
devel12,15,31,1,1,97,273,39,41
devel12,15,31,2,0,171,224,38,41
devel12,15,31,3,0,158,88,25,37
devel12,15,31,4,0,128,150,0,0
devel12,15,31,5,0,216,149,0,0
devel12,15,31,6,1,97,217,30,30
devel12,15,31,7,1,234,254,30,30
devel12,16,8,1,0,94,218,34,46
devel12,16,8,2,0,176,233,49,40
devel12,16,8,3,0,155,88,27,37
devel12,16,8,4,0,127,152,0,0
devel12,16,8,5,0,217,149,0,0
devel12,16,8,6,1,84,223,30,30
devel12,16,8,7,1,248,250,30,30
devel12,18,31,1,0,94,236,34,41
devel12,18,31,2,0,143,237,45,41
devel12,18,31,3,0,151,100,32,35
devel12,18,31,4,0,126,161,0,0
devel12,18,31,5,0,211,160,0,0
devel12,18,31,6,1,83,237,30,30
devel12,18,31,7,1,228,258,30,30
devel13,1,20,1,0,171,175,61,39
devel13,1,20,2,0,52,164,53,46
devel13,1,20,3,0,122,70,28,35
devel13,1,20,4,0,91,130,0,0
devel13,1,20,5,0,169,128,0,0
devel13,1,20,6,0,88,208,0,0
devel13,1,20,7,1,186,157,30,30
devel13,2,15,1,0,58,195,73,39
devel13,2,15,2,0,136,199,66,40
devel13,2,15,3,0,121,74,28,33
devel13,2,15,4,0,89,136,0,0
devel13,2,15,5,0,179,140,0,0
devel13,2,15,6,1,39,215,30,30
devel13,2,15,7,1,196,206,30,30
devel13,3,19,4,0,81,143,0,0
devel13,3,19,6,1,50,227,30,30
devel13,3,19,5,0,169,133,0,0
devel13,3,19,7,1,210,151,30,30
devel13,3,19,1,1,95,271,40,41
devel13,3,19,2,0,293,152,66,31
devel13,3,19,3,0,110,70,29,38
devel13,3,25,4,0,81,143,0,0
devel13,3,25,6,1,50,227,30,30
devel13,3,25,5,0,169,133,0,0
devel13,3,25,7,1,175,211,30,30
devel13,3,25,1,1,95,271,40,41
devel13,3,25,2,0,170,229,43,38
devel13,3,25,3,0,115,70,27,34
devel13,5,24,4,0,81,143,0,0
devel13,5,24,6,1,55,232,30,30
devel13,5,24,5,0,175,140,0,0
devel13,5,24,7,0,208,237,0,0
devel13,5,24,1,1,95,271,40,41
devel13,5,24,2,0,190,100,34,49
devel13,5,24,3,0,118,70,29,34
devel13,6,19,4,0,84,138,0,0
devel13,6,19,6,1,9,216,30,30
devel13,6,19,5,0,175,140,0,0
devel13,6,19,7,0,213,235,0,0
devel13,6,19,2,0,129,200,34,37
devel13,6,19,1,1,108,195,40,41
devel13,6,19,3,0,118,70,31,35
devel13,7,24,1,0,97,117,66,28
devel13,7,24,2,0,115,147,37,52
devel13,7,24,3,0,123,70,28,35
devel13,7,24,4,1,78,120,30,30
devel13,7,24,5,0,176,138,0,0
devel13,7,24,6,1,23,174,30,30
devel13,7,24,7,0,192,257,0,0
devel13,8,13,1,1,91,263,41,40
devel13,8,13,2,0,200,140,55,56
devel13,8,13,3,0,119,76,25,34
devel13,8,13,4,0,84,141,0,0
devel13,8,13,5,0,168,136,0,0
devel13,8,13,6,1,55,229,30,30
devel13,8,13,7,0,167,250,0,0
devel13,10,14,1,0,79,130,50,39
devel13,10,14,2,0,139,135,51,36
devel13,10,14,3,0,121,75,32,37
devel13,10,14,4,1,68,135,30,30
devel13,10,14,5,1,163,133,30,30
devel13,10,14,6,0,97,254,0,0
devel13,10,14,7,0,160,258,0,0
devel13,11,15,4,0,83,142,0,0
devel13,11,15,6,0,65,262,0,0
devel13,11,15,5,0,179,147,0,0
devel13,11,15,7,0,190,264,0,0
devel13,11,15,1,1,107,170,35,34
devel13,11,15,2,0,112,170,42,37
devel13,11,15,3,0,125,76,26,34
devel13,12,16,1,0,107,191,57,29
devel13,12,16,2,0,136,116,42,54
devel13,12,16,3,0,120,76,27,35
devel13,12,16,4,0,84,139,0,0
devel13,12,16,5,1,164,119,30,30
devel13,12,16,6,0,71,259,0,0
devel13,12,16,7,0,239,163,0,0
devel13,13,23,1,1,86,266,43,40
devel13,13,23,2,0,242,170,54,34
devel13,13,23,3,0,115,76,26,33
devel13,13,23,4,0,79,145,0,0
devel13,13,23,5,0,166,133,0,0
devel13,13,23,6,1,53,231,30,30
devel13,13,23,7,1,199,196,30,30
devel13,14,77,1,0,145,185,71,50
devel13,14,77,2,1,21,188,58,48
devel13,14,77,3,0,118,73,27,35
devel13,14,77,4,0,85,136,0,0
devel13,14,77,5,0,170,127,0,0
devel13,14,77,6,1,77,196,30,30
devel13,14,77,7,1,141,157,30,30
devel13,16,25,1,0,73,250,47,29
devel13,16,25,2,0,146,252,40,32
devel13,16,25,3,0,118,75,30,34
devel13,16,25,4,0,84,137,0,0
devel13,16,25,5,0,172,136,0,0
devel13,16,25,6,1,53,225,30,30
devel13,16,25,7,1,173,225,30,30
devel13,20,58,4,0,84,137,0,0
devel13,20,58,6,1,58,230,30,30
devel13,20,58,5,0,172,136,0,0
devel13,20,58,7,1,172,226,30,30
devel13,20,58,1,0,84,169,31,50
devel13,20,58,2,0,144,176,36,47
devel13,20,58,3,0,121,74,28,31
devel14,1,11,1,1,94,275,32,31
devel14,1,11,2,0,198,191,58,25
devel14,1,11,3,0,157,90,24,30
devel14,1,11,4,0,133,153,0,0
devel14,1,11,5,0,201,150,0,0
devel14,1,11,6,1,111,218,30,30
devel14,1,11,7,0,222,254,0,0
devel14,1,25,4,0,133,153,0,0
devel14,1,25,6,1,111,218,30,30
devel14,1,25,5,0,201,150,0,0
devel14,1,25,7,0,216,254,0,0
devel14,1,25,1,1,94,275,32,31
devel14,1,25,2,0,156,206,37,30
devel14,1,25,3,0,158,90,25,32
devel14,2,18,1,0,144,166,27,29
devel14,2,18,2,0,170,170,27,25
devel14,2,18,3,0,162,90,26,30
devel14,2,18,4,0,141,145,0,0
devel14,2,18,5,0,202,146,0,0
devel14,2,18,6,0,128,237,0,0
devel14,2,18,7,0,213,250,0,0
devel14,3,15,1,1,100,275,27,29
devel14,3,15,2,0,172,88,31,56
devel14,3,15,3,1,157,84,40,40
devel14,3,15,4,0,144,146,0,0
devel14,3,15,5,1,190,135,30,30
devel14,3,15,6,1,109,218,30,30
devel14,3,15,7,0,226,228,0,0
devel14,4,22,1,0,145,138,16,55
devel14,4,22,2,0,159,166,21,38
devel14,4,22,3,0,165,85,24,35
devel14,4,22,4,0,138,147,0,0
devel14,4,22,5,0,203,149,0,0
devel14,4,22,6,0,127,243,0,0
devel14,4,22,7,0,222,255,0,0
devel14,5,22,1,0,116,178,31,30
devel14,5,22,2,0,185,173,28,29
devel14,5,22,3,0,163,87,25,35
devel14,5,22,4,0,142,145,0,0
devel14,5,22,5,0,199,145,0,0
devel14,5,22,6,0,120,241,0,0
devel14,5,22,7,0,226,252,0,0
devel14,7,9,1,0,151,173,26,26
devel14,7,9,2,1,147,160,28,29
devel14,7,9,3,0,162,84,25,31
devel14,7,9,4,0,138,146,0,0
devel14,7,9,5,0,199,146,0,0
devel14,7,9,6,0,117,237,0,0
devel14,7,9,7,0,213,251,0,0
devel14,8,14,1,1,97,280,26,26
devel14,8,14,2,0,241,142,25,29
devel14,8,14,3,0,156,90,25,30
devel14,8,14,4,0,134,153,0,0
devel14,8,14,5,0,203,149,0,0
devel14,8,14,6,1,109,226,30,30
devel14,8,14,7,0,211,250,0,0
devel14,10,21,1,1,141,265,27,26
devel14,10,21,2,1,166,263,25,29
devel14,10,21,3,0,163,87,25,28
devel14,10,21,4,0,139,143,0,0
devel14,10,21,5,0,202,146,0,0
devel14,10,21,6,1,111,214,30,30
devel14,10,21,7,1,199,225,30,30
devel14,11,16,1,1,96,282,27,26
devel14,11,16,2,0,204,130,25,29
devel14,11,16,3,0,163,89,25,33
devel14,11,16,4,0,143,147,0,0
devel14,11,16,5,0,196,146,0,0
devel14,11,16,6,1,107,216,30,30
devel14,11,16,7,0,211,245,0,0
devel14,13,11,1,1,96,282,27,26
devel14,13,11,2,0,127,141,41,32
devel14,13,11,3,0,165,88,24,30
devel14,13,11,4,1,128,135,30,30
devel14,13,11,5,0,202,151,0,0
devel14,13,11,6,1,107,222,30,30
devel14,13,11,7,0,221,226,0,0
devel15,1,23,1,1,111,283,38,31
devel15,1,23,2,0,264,154,49,64
devel15,1,23,3,0,139,73,28,31
devel15,1,23,4,0,117,141,0,0
devel15,1,23,5,0,193,128,0,0
devel15,1,23,6,1,78,225,30,30
devel15,1,23,7,1,248,142,30,30
devel15,2,17,4,0,118,138,0,0
devel15,2,17,6,1,78,225,30,30
devel15,2,17,5,0,194,132,0,0
devel15,2,17,7,0,248,227,0,0
devel15,2,17,1,1,111,283,38,31
devel15,2,17,2,0,268,129,36,59
devel15,2,17,3,0,146,67,27,38
devel15,3,10,4,0,118,138,0,0
devel15,3,10,6,1,78,225,30,30
devel15,3,10,5,0,194,132,0,0
devel15,3,10,7,1,234,212,30,30
devel15,3,10,1,1,111,283,38,31
devel15,3,10,2,0,215,202,38,40
devel15,3,10,3,0,148,72,25,35
devel15,4,30,4,0,118,138,0,0
devel15,4,30,6,1,82,231,30,30
devel15,4,30,5,0,194,132,0,0
devel15,4,30,7,1,216,214,30,30
devel15,4,30,1,1,111,283,38,31
devel15,4,30,2,0,208,222,60,36
devel15,4,30,3,0,145,70,29,35
devel15,5,17,4,0,118,138,0,0
devel15,5,17,6,1,82,231,30,30
devel15,5,17,5,0,194,132,0,0
devel15,5,17,7,0,207,235,0,0
devel15,5,17,1,1,111,283,38,31
devel15,5,17,2,0,138,84,50,61
devel15,5,17,3,1,142,72,40,40
devel15,6,23,4,0,118,138,0,0
devel15,6,23,6,1,82,231,30,30
devel15,6,23,5,0,194,132,0,0
devel15,6,23,7,0,269,215,0,0
devel15,6,23,1,1,111,283,38,31
devel15,6,23,2,0,259,107,38,49
devel15,6,23,3,0,147,70,25,34
devel15,6,40,4,0,118,138,0,0
devel15,6,40,6,1,82,231,30,30
devel15,6,40,5,0,194,132,0,0
devel15,6,40,7,1,216,211,30,30
devel15,6,40,1,1,111,283,38,31
devel15,6,40,2,0,220,254,38,28
devel15,6,40,3,0,149,72,30,33
devel15,7,22,4,0,118,138,0,0
devel15,7,22,6,1,82,231,30,30
devel15,7,22,5,0,194,132,0,0
devel15,7,22,7,0,285,190,0,0
devel15,7,22,1,1,111,283,38,31
devel15,7,22,2,0,228,55,44,43
devel15,7,22,3,0,146,70,29,35
devel15,9,30,4,0,118,138,0,0
devel15,9,30,6,1,82,231,30,30
devel15,9,30,5,0,194,132,0,0
devel15,9,30,7,0,234,241,0,0
devel15,9,30,1,1,111,283,38,31
devel15,9,30,2,0,151,175,41,40
devel15,9,30,3,0,144,73,32,35
devel15,11,64,4,0,118,138,0,0
devel15,11,64,6,1,82,231,30,30
devel15,11,64,5,0,194,132,0,0
devel15,11,64,7,1,225,205,30,30
devel15,11,64,1,1,111,283,38,31
devel15,11,64,2,0,227,170,32,59
devel15,11,64,3,0,144,72,32,36
devel15,13,16,4,0,118,138,0,0
devel15,13,16,6,1,82,231,30,30
devel15,13,16,5,0,194,132,0,0
devel15,13,16,7,0,207,228,0,0
devel15,13,16,1,1,111,283,38,31
devel15,13,16,2,0,139,74,51,63
devel15,13,16,3,1,143,70,40,40
devel15,16,154,4,0,118,138,0,0
devel15,16,154,6,1,82,231,30,30
devel15,16,154,5,0,194,132,0,0
devel15,16,154,7,1,226,221,30,30
devel15,16,154,1,1,111,283,38,31
devel15,16,154,2,0,208,175,39,52
devel15,16,154,3,0,149,74,27,33
devel16,1,22,1,0,86,158,38,33
devel16,1,22,2,0,203,140,34,43
devel16,1,22,3,0,134,73,31,36
devel16,1,22,4,0,111,136,0,0
devel16,1,22,5,0,184,137,0,0
devel16,1,22,6,0,45,238,0,0
devel16,1,22,7,1,235,194,30,30
devel16,1,46,4,0,111,136,0,0
devel16,1,46,6,0,63,252,0,0
devel16,1,46,5,1,171,122,30,30
devel16,1,46,7,1,225,191,30,30
devel16,1,46,1,0,108,183,46,49
devel16,1,46,2,0,177,121,45,26
devel16,1,46,3,0,136,73,25,34
devel16,1,66,4,0,111,136,0,0
devel16,1,66,6,0,65,258,0,0
devel16,1,66,5,0,188,139,0,0
devel16,1,66,7,1,235,209,30,30
devel16,1,66,1,1,135,260,36,35
devel16,1,66,2,0,245,197,42,50
devel16,1,66,3,0,134,74,29,38
devel16,2,16,1,0,135,105,24,63
devel16,2,16,2,0,159,104,29,65
devel16,2,16,3,0,135,72,30,35
devel16,2,16,4,0,108,137,0,0
devel16,2,16,5,0,192,141,0,0
devel16,2,16,6,0,82,247,0,0
devel16,2,16,7,0,220,252,0,0
devel16,3,19,1,1,87,281,39,39
devel16,3,19,2,1,231,13,37,41
devel16,3,19,3,0,125,72,34,40
devel16,3,19,4,0,95,146,0,0
devel16,3,19,5,0,169,129,0,0
devel16,3,19,6,1,58,234,30,30
devel16,3,19,7,1,249,114,30,30
devel16,5,33,1,0,224,178,62,19
devel16,5,33,2,1,268,171,50,30
devel16,5,33,3,0,147,74,28,31
devel16,5,33,4,0,114,132,0,0
devel16,5,33,5,0,191,137,0,0
devel16,5,33,6,0,139,221,0,0
devel16,5,33,7,1,246,218,30,30
devel16,7,16,1,0,82,84,45,56
devel16,7,16,2,0,124,87,47,45
devel16,7,16,3,1,123,64,40,40
devel16,7,16,4,1,85,120,30,30
devel16,7,16,5,1,160,116,30,30
devel16,7,16,6,0,51,229,0,0
devel16,7,16,7,0,216,199,0,0
devel16,7,27,4,0,104,137,0,0
devel16,7,27,6,0,50,240,0,0
devel16,7,27,5,0,190,136,0,0
devel16,7,27,7,0,249,200,0,0
devel16,7,27,1,0,39,115,30,38
devel16,7,27,2,0,186,80,44,39
devel16,7,27,3,0,130,70,30,35
devel16,7,46,4,1,89,128,30,30
devel16,7,46,6,0,87,244,0,0
devel16,7,46,5,1,170,120,30,30
devel16,7,46,7,0,208,123,0,0
devel16,7,46,1,0,88,94,34,49
devel16,7,46,2,0,93,55,44,35
devel16,7,46,3,1,119,70,40,40
devel16,7,54,1,0,76,124,34,45
devel16,7,54,2,1,152,13,36,40
devel16,7,54,3,0,127,73,26,30
devel16,7,54,4,0,112,136,0,0
devel16,7,54,5,0,174,122,0,0
devel16,7,54,6,0,76,254,0,0
devel16,7,54,7,0,229,111,0,0
devel16,8,33,1,1,81,275,37,38
devel16,8,33,2,0,147,174,48,26
devel16,8,33,3,0,125,75,28,34
devel16,8,33,4,0,100,143,0,0
devel16,8,33,5,0,181,136,0,0
devel16,8,33,6,1,59,237,30,30
devel16,8,33,7,0,231,234,0,0
devel16,9,19,4,0,100,143,0,0
devel16,9,19,6,1,59,237,30,30
devel16,9,19,5,0,179,129,0,0
devel16,9,19,7,1,256,111,30,30
devel16,9,19,1,1,81,275,37,38
devel16,9,19,2,1,230,31,33,31
devel16,9,19,3,0,114,77,29,34
devel16,10,10,1,0,109,211,44,39
devel16,10,10,2,0,136,215,37,31
devel16,10,10,3,0,133,75,28,36
devel16,10,10,4,0,102,141,0,0
devel16,10,10,5,0,183,140,0,0
devel16,10,10,6,0,74,259,0,0
devel16,10,10,7,0,224,251,0,0
devel16,10,40,4,0,102,141,0,0
devel16,10,40,6,0,71,259,0,0
devel16,10,40,5,0,183,140,0,0
devel16,10,40,7,1,218,235,30,30
devel16,10,40,1,0,106,226,49,31
devel16,10,40,2,0,175,220,40,41
devel16,10,40,3,0,135,75,28,35
devel16,11,24,1,0,48,66,66,73
devel16,11,24,2,0,210,65,48,60
devel16,11,24,3,0,135,76,26,33
devel16,11,24,4,0,113,138,0,0
devel16,11,24,5,0,188,136,0,0
devel16,11,24,6,0,45,223,0,0
devel16,11,24,7,0,267,207,0,0
devel16,11,32,1,0,63,199,41,35
devel16,11,32,2,0,200,182,39,35
devel16,11,32,3,0,137,74,26,36
devel16,11,32,4,0,103,139,0,0
devel16,11,32,5,0,184,137,0,0
devel16,11,32,6,1,38,225,30,30
devel16,11,32,7,1,225,229,30,30
devel16,12,34,4,0,103,139,0,0
devel16,12,34,6,0,101,257,0,0
devel16,12,34,5,0,184,137,0,0
devel16,12,34,7,0,203,241,0,0
devel16,12,34,1,1,85,160,54,45
devel16,12,34,2,0,99,171,54,24
devel16,12,34,3,0,135,76,28,35
devel16,13,33,1,1,88,285,39,36
devel16,13,33,2,0,220,126,32,37
devel16,13,33,3,0,130,75,30,31
devel16,13,33,4,0,98,145,0,0
devel16,13,33,5,0,186,140,0,0
devel16,13,33,6,1,62,238,30,30
devel16,13,33,7,0,238,245,0,0
devel16,14,52,1,1,88,285,39,36
devel16,14,52,2,0,99,129,42,40
devel16,14,52,3,0,135,75,26,31
devel16,14,52,4,1,89,131,30,30
devel16,14,52,5,1,164,125,30,30
devel16,14,52,6,1,60,235,30,30
devel16,14,52,7,0,208,197,0,0
devel16,14,91,1,0,107,135,56,42
devel16,14,91,2,1,143,157,42,40
devel16,14,91,3,0,132,72,29,35
devel16,14,91,4,0,102,137,0,0
devel16,14,91,5,0,183,137,0,0
devel16,14,91,6,0,85,250,0,0
devel16,14,91,7,0,207,256,0,0
devel16,16,65,2,0,60,186,74,37
devel16,16,65,1,1,73,173,56,48
devel16,16,65,3,0,134,74,28,36
devel16,16,65,4,0,101,141,0,0
devel16,16,65,5,0,183,137,0,0
devel16,16,65,6,0,88,262,0,0
devel16,16,65,7,0,183,265,0,0
devel16,16,100,1,0,111,120,46,48
devel16,16,100,2,0,167,112,36,47
devel16,16,100,3,0,135,72,27,34
devel16,16,100,4,1,93,122,30,30
devel16,16,100,5,1,176,119,30,30
devel16,16,100,6,0,43,189,0,0
devel16,16,100,7,0,252,185,0,0
devel17,1,28,1,1,164,255,45,36
devel17,1,28,2,0,255,94,53,67
devel17,1,28,3,0,184,80,40,40
devel17,1,28,4,0,150,146,0,0
devel17,1,28,5,0,249,145,0,0
devel17,1,28,7,0,284,213,0,0
devel17,1,28,6,1,131,215,30,30
devel17,2,34,1,1,164,254,46,41
devel17,2,34,2,0,281,188,47,41
devel17,2,34,3,0,184,83,40,40
devel17,2,34,4,0,155,146,0,0
devel17,2,34,5,0,252,148,0,0
devel17,2,34,6,1,130,211,30,30
devel17,2,34,7,1,255,203,30,30
devel17,3,11,1,1,164,254,46,41
devel17,3,11,2,0,276,232,56,33
devel17,3,11,3,0,186,83,38,40
devel17,3,11,4,0,154,146,0,0
devel17,3,11,5,0,254,150,0,0
devel17,3,11,6,1,132,208,30,30
devel17,3,11,7,1,250,210,30,30
devel17,3,24,1,1,164,254,46,41
devel17,3,24,2,0,250,90,55,68
devel17,3,24,3,0,184,82,40,44
devel17,3,24,4,0,153,147,0,0
devel17,3,24,5,0,252,144,0,0
devel17,3,24,6,1,132,211,30,30
devel17,3,24,7,0,296,206,0,0
devel17,4,15,1,1,164,254,46,41
devel17,4,15,2,0,292,191,42,31
devel17,4,15,3,0,185,82,40,40
devel17,4,15,4,0,153,143,0,0
devel17,4,15,5,0,255,146,0,0
devel17,4,15,6,1,132,214,30,30
devel17,4,15,7,1,261,186,30,30
devel17,6,44,1,1,164,254,46,41
devel17,6,44,2,0,266,240,40,41
devel17,6,44,3,0,185,84,40,40
devel17,6,44,4,0,156,147,0,0
devel17,6,44,5,0,255,150,0,0
devel17,6,44,6,1,135,215,30,30
devel17,6,44,7,1,248,205,30,30
devel17,8,22,1,0,277,101,41,68
devel17,8,22,2,0,234,101,46,49
devel17,8,22,3,0,186,83,36,40
devel17,8,22,4,0,165,137,0,0
devel17,8,22,5,1,238,125,30,30
devel17,8,22,6,0,210,194,0,0
devel17,8,22,7,0,275,206,0,0
devel17,11,13,3,0,185,83,40,40
devel17,11,13,1,1,159,255,46,37
devel17,11,13,2,0,278,223,64,35
devel17,11,13,4,0,151,147,0,0
devel17,11,13,5,0,254,149,0,0
devel17,11,13,6,1,134,205,30,30
devel17,11,13,7,1,252,203,30,30
devel17,13,156,1,1,135,258,44,36
devel17,13,156,2,0,239,118,72,31
devel17,13,156,3,0,191,85,40,40
devel17,13,156,4,0,161,146,0,0
devel17,13,156,5,1,249,133,30,30
devel17,13,156,6,1,135,199,30,30
devel17,13,156,7,0,328,186,0,0
devel17,14,45,1,1,110,260,44,36
devel17,14,45,2,0,293,207,47,27
devel17,14,45,3,0,188,84,40,40
devel17,14,45,4,0,152,146,0,0
devel17,14,45,5,0,252,149,0,0
devel17,14,45,6,1,124,200,30,30
devel17,14,45,7,1,258,183,30,30
devel18,1,14,1,1,131,277,32,29
devel18,1,14,2,0,199,179,51,42
devel18,1,14,3,0,179,167,34,38
devel18,1,14,4,0,155,208,0,0
devel18,1,14,5,1,219,189,30,30
devel18,1,14,6,1,125,248,30,30
devel18,1,14,7,0,261,267,0,0
devel18,2,25,3,0,178,165,38,39
devel18,2,25,1,1,131,277,32,29
devel18,2,25,2,0,203,178,44,51
devel18,2,25,4,0,156,205,0,0
devel18,2,25,5,1,220,184,30,30
devel18,2,25,6,1,127,245,30,27
devel18,2,25,7,0,278,213,0,0
devel18,2,31,1,1,131,277,32,29
devel18,2,31,2,0,194,242,51,36
devel18,2,31,3,0,177,161,37,40
devel18,2,31,4,0,157,207,0,0
devel18,2,31,5,0,234,211,0,0
devel18,2,31,6,1,129,243,27,25
devel18,2,31,7,0,277,258,0,0
devel18,4,14,1,1,134,276,32,29
devel18,4,14,2,0,220,150,36,54
devel18,4,14,3,0,176,161,39,40
devel18,4,14,4,0,160,205,0,0
devel18,4,14,5,1,218,189,30,30
devel18,4,14,6,1,126,251,30,30
devel18,4,14,7,0,258,257,0,0
devel18,5,22,1,1,134,276,32,29
devel18,5,22,2,0,202,172,42,43
devel18,5,22,3,0,176,161,40,40
devel18,5,22,4,0,155,206,0,0
devel18,5,22,5,0,235,204,0,0
devel18,5,22,6,1,129,254,30,30
devel18,5,22,7,0,277,215,0,0
devel18,6,21,1,1,134,276,32,29
devel18,6,21,2,0,173,207,59,23
devel18,6,21,3,0,176,159,40,40
devel18,6,21,4,0,160,205,0,0
devel18,6,21,5,0,234,211,0,0
devel18,6,21,6,1,128,252,30,30
devel18,6,21,7,0,251,274,0,0
devel18,7,17,1,1,134,276,32,29
devel18,7,17,2,0,207,201,45,51
devel18,7,17,3,0,179,164,34,40
devel18,7,17,4,0,158,208,0,0
devel18,7,17,5,1,218,196,30,26
devel18,7,17,6,1,129,249,30,30
devel18,7,17,7,0,259,276,0,0
devel18,7,24,1,1,134,276,32,29
devel18,7,24,2,0,204,157,47,55
devel18,7,24,3,0,177,166,35,40
devel18,7,24,4,0,158,206,0,0
devel18,7,24,5,1,220,192,30,30
devel18,7,24,7,0,261,264,0,0
devel18,7,24,6,1,127,250,30,30
devel18,9,21,1,1,134,276,32,29
devel18,9,21,2,0,219,148,31,42
devel18,9,21,3,0,178,166,34,40
devel18,9,21,4,0,159,206,0,0
devel18,9,21,5,0,232,207,0,0
devel18,9,21,7,0,258,240,0,0
devel18,9,21,6,1,130,247,30,30
devel18,10,18,3,1,179,157,40,40
devel18,10,18,1,0,188,167,25,49
devel18,10,18,2,0,182,159,59,27
devel18,10,18,4,0,156,208,0,0
devel18,10,18,5,0,232,203,0,0
devel18,10,18,6,0,149,264,0,0
devel18,10,18,7,0,271,228,0,0
devel18,10,28,1,0,174,231,35,28
devel18,10,28,2,0,201,184,39,29
devel18,10,28,3,0,183,166,31,32
devel18,10,28,4,0,159,207,0,0
devel18,10,28,5,1,215,191,30,30
devel18,10,28,6,0,133,276,0,0
devel18,10,28,7,0,272,261,0,0
devel18,11,41,1,1,136,276,28,26
devel18,11,41,2,0,179,187,58,36
devel18,11,41,3,0,183,169,33,35
devel18,11,41,4,0,157,206,0,0
devel18,11,41,7,0,259,265,0,0
devel18,11,41,5,1,216,200,30,30
devel18,11,41,6,1,128,248,30,25
devel18,13,33,1,1,136,276,28,26
devel18,13,33,2,0,192,204,49,29
devel18,13,33,3,0,182,163,31,35
devel18,13,33,4,0,158,206,0,0
devel18,13,33,5,1,218,195,30,30
devel18,13,33,6,1,126,246,30,30
devel18,13,33,7,0,277,245,0,0
devel19,1,15,1,0,151,121,27,66
devel19,1,15,2,0,160,127,32,62
devel19,1,15,3,0,160,80,40,49
devel19,1,15,4,0,124,145,0,0
devel19,1,15,5,0,230,144,0,0
devel19,1,15,6,0,106,247,0,0
devel19,1,15,7,0,246,250,0,0
devel19,1,34,3,0,158,85,42,51
devel19,1,34,4,0,126,147,0,0
devel19,1,34,5,0,232,150,0,0
devel19,1,34,6,1,83,215,39,33
devel19,1,34,7,1,244,219,35,36
devel19,1,34,1,0,123,218,44,58
devel19,1,34,2,0,179,221,43,38
devel19,2,40,3,0,163,84,40,54
devel19,2,40,1,1,75,280,40,38
devel19,2,40,2,0,228,117,53,57
devel19,2,40,4,0,124,146,0,0
devel19,2,40,5,1,223,135,30,30
devel19,2,40,6,1,80,212,41,35
devel19,2,40,7,0,254,259,0,0
devel19,3,59,1,1,70,279,40,38
devel19,3,59,2,0,233,234,44,48
devel19,3,59,3,0,162,83,40,51
devel19,3,59,4,0,124,146,0,0
devel19,3,59,5,0,232,148,0,0
devel19,3,59,6,1,81,213,38,37
devel19,3,59,7,1,247,209,37,38
devel19,4,63,1,1,70,279,40,38
devel19,4,63,2,0,215,224,57,62
devel19,4,63,3,0,160,85,40,55
devel19,4,63,4,0,119,152,0,0
devel19,4,63,5,0,234,156,0,0
devel19,4,63,6,1,83,216,38,35
devel19,4,63,7,1,245,215,38,37
devel19,5,13,1,0,116,140,55,76
devel19,5,13,3,0,161,83,40,53
devel19,5,13,2,0,190,191,72,72
devel19,5,13,4,1,116,137,30,30
devel19,5,13,6,1,90,223,32,33
devel19,5,13,5,0,231,152,0,0
devel19,5,13,7,1,245,214,38,37
devel19,5,22,1,1,148,150,60,72
devel19,5,22,2,0,132,158,72,64
devel19,5,22,3,0,158,85,42,53
devel19,5,22,4,0,119,153,0,0
devel19,5,22,5,0,235,153,0,0
devel19,5,22,6,1,94,223,36,38
devel19,5,22,7,1,232,220,39,39
devel19,6,28,1,1,64,279,45,40
devel19,6,28,2,0,253,130,64,65
devel19,6,28,3,0,159,85,42,54
devel19,6,28,4,0,116,154,0,0
devel19,6,28,5,0,228,153,0,0
devel19,6,28,6,1,76,222,42,38
devel19,6,28,7,1,224,233,30,30
devel19,8,36,1,1,64,279,45,40
devel19,8,36,2,0,212,207,45,46
devel19,8,36,3,0,160,85,40,56
devel19,8,36,4,0,120,151,0,0
devel19,8,36,5,0,233,155,0,0
devel19,8,36,6,1,76,222,40,41
devel19,8,36,7,1,263,213,36,36
devel19,9,16,1,0,179,160,41,58
devel19,9,16,2,0,145,218,55,51
devel19,9,16,3,0,163,82,40,53
devel19,9,16,4,0,121,149,0,0
devel19,9,16,5,0,226,148,0,0
devel19,9,16,6,0,114,247,0,0
devel19,9,16,7,1,232,214,39,37
devel19,9,22,1,0,185,130,26,70
devel19,9,22,2,0,150,141,35,76
devel19,9,22,3,0,157,85,40,54
devel19,9,22,4,0,119,147,0,0
devel19,9,22,5,0,229,147,0,0
devel19,9,22,6,0,125,245,0,0
devel19,9,22,7,0,235,254,0,0
devel19,12,30,1,1,66,274,44,41
devel19,12,30,2,0,225,142,60,54
devel19,12,30,3,0,160,85,43,60
devel19,12,30,4,0,115,153,0,0
devel19,12,30,5,1,218,144,30,30
devel19,12,30,6,1,79,220,42,41
devel19,12,30,7,0,241,254,0,0
devel20,1,52,1,0,154,180,29,25
devel20,1,52,2,0,207,124,38,27
devel20,1,52,3,0,185,96,32,37
devel20,1,52,4,0,168,140,0,0
devel20,1,52,5,1,228,125,28,25
devel20,1,52,6,1,144,184,25,22
devel20,1,52,7,0,279,179,0,0
devel20,1,56,1,0,154,177,29,25
devel20,1,56,6,1,145,179,26,24
devel20,1,56,2,0,192,196,33,33
devel20,1,56,3,0,187,95,28,35
devel20,1,56,4,0,170,138,0,0
devel20,1,56,5,0,242,139,0,0
devel20,1,56,7,0,265,192,0,0
devel20,2,4,1,0,159,189,28,24
devel20,2,4,3,0,191,92,29,39
devel20,2,4,6,1,145,177,30,27
devel20,2,4,2,0,218,235,29,38
devel20,2,4,4,0,172,140,0,0
devel20,2,4,5,0,242,140,0,0
devel20,2,4,7,1,236,185,30,26
devel20,2,31,1,0,147,175,29,23
devel20,2,31,6,1,142,183,24,26
devel20,2,31,2,0,220,219,33,42
devel20,2,31,3,0,191,95,28,39
devel20,2,31,4,0,170,139,0,0
devel20,2,31,5,0,237,139,0,0
devel20,2,31,7,1,237,187,35,27
devel20,2,24,1,0,94,133,44,28
devel20,2,24,2,0,268,141,52,26
devel20,2,24,3,0,192,97,28,36
devel20,2,24,4,0,170,139,0,0
devel20,2,24,5,0,242,143,0,0
devel20,2,24,6,0,166,196,0,0
devel20,2,24,7,0,246,204,0,0
devel20,3,24,1,0,146,181,26,24
devel20,3,24,6,1,141,179,28,29
devel20,3,24,2,0,227,187,34,26
devel20,3,24,7,1,233,180,30,25
devel20,3,24,3,0,184,94,28,35
devel20,3,24,4,0,163,139,0,0
devel20,3,24,5,0,235,139,0,0
devel20,4,20,1,0,153,183,26,24
devel20,4,20,6,1,146,182,31,26
devel20,4,20,2,0,210,98,40,26
devel20,4,20,3,0,191,97,26,34
devel20,4,20,4,0,167,140,0,0
devel20,4,20,5,0,239,136,0,0
devel20,4,20,7,0,280,161,0,0
devel20,5,20,3,0,189,95,31,34
devel20,5,20,1,0,181,55,31,30
devel20,5,20,2,0,203,55,36,23
devel20,5,20,4,0,178,128,0,0
devel20,5,20,5,0,231,130,0,0
devel20,5,20,6,0,132,102,0,0
devel20,5,20,7,0,280,104,0,0
devel20,5,29,3,0,190,97,31,37
devel20,5,29,1,0,152,120,31,25
devel20,5,29,2,0,244,155,34,30
devel20,5,29,4,1,155,127,25,24
devel20,5,29,5,0,240,141,0,0
devel20,5,29,6,0,125,177,0,0
devel20,5,29,7,1,257,163,30,31
devel20,5,31,1,0,151,175,30,22
devel20,5,31,2,0,238,233,33,45
devel20,5,31,3,0,189,97,29,31
devel20,5,31,4,0,170,138,0,0
devel20,5,31,5,0,237,139,0,0
devel20,5,31,6,1,139,181,24,25
devel20,5,31,7,1,241,185,30,29
devel20,7,21,1,0,163,173,28,22
devel20,7,21,2,0,210,122,43,39
devel20,7,21,3,0,190,99,26,31
devel20,7,21,4,0,171,138,0,0
devel20,7,21,5,1,216,124,30,30
devel20,7,21,6,1,146,177,26,28
devel20,7,21,7,1,218,143,27,24
devel20,8,19,1,0,164,171,28,25
devel20,8,19,2,0,205,110,34,29
devel20,8,19,3,0,188,92,33,37
devel20,8,19,4,0,169,141,0,0
devel20,8,19,5,0,242,139,0,0
devel20,8,19,6,1,147,180,25,25
devel20,8,19,7,0,252,190,0,0
devel20,9,18,3,1,189,94,32,35
devel20,9,18,1,0,160,171,28,25
devel20,9,18,6,1,145,181,27,25
devel20,9,18,2,0,197,105,28,40
devel20,9,18,4,0,171,139,0,0
devel20,9,18,5,0,242,138,0,0
devel20,9,18,7,0,246,195,0,0
devel20,9,25,1,0,160,171,28,25
devel20,9,25,6,1,144,184,27,25
devel20,9,25,2,0,209,221,33,39
devel20,9,25,3,0,189,96,29,35
devel20,9,25,4,0,170,140,0,0
devel20,9,25,5,0,242,141,0,0
devel20,9,25,7,1,236,187,30,26
devel20,10,27,3,0,189,94,29,37
devel20,10,27,1,0,154,131,31,26
devel20,10,27,2,0,246,175,30,31
devel20,10,27,4,1,156,125,30,30
devel20,10,27,5,0,239,141,0,0
devel20,10,27,6,0,132,185,0,0
devel20,10,27,7,1,239,164,30,30
